id_cliente,data_referencia,setor,porte,uf,tempo_relacionamento_meses,faturamento_mensal_estimado,saldo_devedor,dias_atraso,qtd_contratos_ativos,qtd_parcelas_vencidas,limite_credito,utilizacao_limite_pct,qtd_contatos_ult_30d,promessa_pagamento_ult_30d,renegociacoes_ult_12m,canal_preferencial,risco_setorial,score_regularizacao_legado,score_cobranca_atualizado_30d,regularizou_30d
PJ0001,2026-02-28,Serviços,Média,RJ,239,,410068.67,53,4,2,1310497.69,0.3139,6,1,0,email,baixo,415,856,1
PJ0002,2026-02-28,Serviços,Média,SP,83,127511.23,89328.99,24,1,1,207667.39,0.5994,2,1,0,telefone,baixo,938,874,1
PJ0003,2026-01-28,Tecnologia,EPP,SP,203,113597.72,53874.97,52,4,3,82609.48,0.623,5,0,0,whatsapp,,547,57,0
PJ0004,2026-01-28,Tecnologia,ME,RS,153,32413.94,8590.95,45,1,1,21274.16,0.3296,1,0,0,portal,alto,818,881,1
PJ0005,2026-02-28,Comércio,ME,SC,208,96854.12,19745.94,43,2,1,83140.62,0.1913,4,0,0,whatsapp,baixo,527,909,1
PJ0006,2026-04-30,Tecnologia,EPP,PE,121,164623.39,42705.82,15,3,1,110178.89,0.4395,8,1,0,telefone,baixo,886,855,1
PJ0007,2026-02-28,Agronegócio,Média,SC,55,64693.64,25552.45,96,3,3,53574.42,0.4112,8,0,1,portal,baixo,393,429,0
PJ0008,2026-02-28,Comércio,ME,PR,118,94120.48,50734.91,17,1,2,154832.86,0.2494,1,1,1,telefone,baixo,858,979,1
PJ0009,2026-04-30,Agronegócio,ME,SP,75,,4202.11,13,4,1,13325.99,0.3922,0,0,0,telefone,medio,562,395,0
PJ0010,2026-04-30,Serviços,ME,PE,91,10671.53,2000.0,55,1,1,6078.06,0.5027,0,0,2,email,alto,181,155,0
PJ0011,2026-03-28,Serviços,EPP,SP,132,72064.35,40263.58,32,2,2,58063.11,0.6816,0,0,2,whatsapp,alto,214,863,1
PJ0012,2026-02-28,Indústria,ME,SP,183,34078.97,3645.63,12,2,1,23909.65,0.1517,0,0,2,whatsapp,baixo,402,122,0
PJ0013,2026-01-28,Construção,ME,SC,190,62369.85,19232.63,68,1,2,32319.06,0.6383,8,1,0,email,medio,434,870,1
PJ0014,2026-03-28,Tecnologia,EPP,SC,236,32665.3,21918.5,36,2,3,30551.27,0.8745,3,1,0,portal,alto,724,811,1
PJ0015,2026-05-28,Indústria,ME,SC,230,21314.2,11654.35,36,1,1,17484.42,0.6729,8,0,0,portal,baixo,464,150,0
PJ0016,2026-04-30,Comércio,ME,MG,229,16785.97,5890.98,107,1,5,11320.05,0.5564,2,0,1,whatsapp,alto,119,21,0
PJ0017,2026-02-28,Serviços,ME,MG,146,70405.15,6185.0,6,2,1,59809.24,0.2277,4,0,0,email,baixo,524,926,1
PJ0018,2026-02-28,Tecnologia,Média,PR,84,479569.65,129615.37,27,1,1,237271.32,0.5864,7,0,0,whatsapp,baixo,625,948,1
PJ0019,2026-04-30,Serviços,ME,MG,16,16754.72,7733.77,51,5,2,22860.96,0.3896,6,0,1,email,baixo,440,217,0
PJ0020,2026-05-28,Comércio,EPP,SP,27,150843.4,47169.43,39,1,2,114796.78,0.4838,5,0,0,telefone,medio,651,149,0
PJ0021,2026-04-30,Comércio,Grande,GO,217,1080253.66,181342.54,55,5,2,969241.18,0.1538,5,1,1,telefone,medio,583,947,1
PJ0022,2026-06-30,Serviços,EPP,SP,230,92365.8,22948.0,48,2,3,68792.53,0.2924,3,1,2,portal,medio,714,848,1
PJ0023,2026-02-28,Comércio,EPP,PR,120,97127.18,41161.45,60,4,2,108329.57,0.3415,6,0,1,email,medio,381,254,0
PJ0024,2026-04-30,Serviços,EPP,RJ,74,35462.78,9636.58,100,2,4,22864.8,0.378,2,1,0,whatsapp,medio,582,800,1
PJ0025,2026-02-28,Comércio,Média,SP,5,260277.49,68269.12,28,2,2,203871.09,0.4076,8,0,1,email,medio,375,236,0
PJ0026,2026-01-28,Agronegócio,ME,RJ,220,52572.05,22098.54,94,2,5,62965.65,0.5184,0,0,0,whatsapp,baixo,109,174,0
PJ0027,2026-05-28,Comércio,EPP,PR,104,22534.16,9557.83,23,2,1,17855.36,0.5464,8,1,1,telefone,alto,795,343,0
PJ0028,2026-05-28,Agronegócio,ME,SC,216,14307.74,5151.24,54,2,2,11141.27,0.4854,3,1,0,email,medio,548,266,0
PJ0029,2026-02-28,Construção,EPP,SP,213,62280.72,28297.88,75,1,3,49145.17,0.5286,6,0,2,email,baixo,58,903,1
PJ0030,2026-02-28,Tecnologia,Média,SP,176,223973.88,46373.74,35,3,1,151606.4,0.2292,0,0,4,telefone,alto,89,58,0
PJ0031,2026-03-28,Construção,EPP,SP,188,74637.47,11401.23,17,1,2,59033.54,0.1353,3,0,0,whatsapp,medio,602,937,1
PJ0032,2026-06-30,Comércio,ME,SC,169,14143.79,5666.1,11,1,1,8160.58,0.6458,7,0,3,email,medio,782,815,1
PJ0033,2026-04-30,Indústria,ME,RJ,46,,43477.04,31,1,2,82547.52,0.4521,7,0,0,email,baixo,778,63,0
PJ0034,2026-05-28,Serviços,EPP,SC,78,,18475.43,23,2,1,36311.83,0.4796,4,1,0,whatsapp,medio,909,22,0
PJ0035,2026-03-28,Tecnologia,ME,SC,92,23488.63,12030.4,17,2,1,14111.19,0.8393,0,0,1,email,medio,277,894,1
PJ0036,2026-05-28,Serviços,ME,SP,206,,28895.48,33,4,1,67946.8,0.5035,3,1,0,telefone,alto,879,343,0
PJ0037,2026-04-30,Agronegócio,ME,SP,15,42948.78,31891.55,33,3,1,56860.1,0.5575,5,0,0,telefone,medio,458,819,1
PJ0038,2026-01-28,Serviços,Média,SP,128,253852.85,97109.99,75,2,4,151148.13,0.7374,8,0,0,telefone,baixo,197,147,0
PJ0039,2026-01-28,Tecnologia,EPP,SP,124,16091.63,10455.32,22,1,1,27186.06,0.4701,4,0,1,whatsapp,baixo,923,182,0
PJ0040,2026-04-30,Construção,Grande,SP,52,2111422.36,809893.43,71,3,3,2284430.21,0.3601,2,0,0,whatsapp,medio,380,109,0
PJ0041,2026-01-28,Construção,EPP,SP,18,89198.83,11533.51,55,6,3,37058.63,0.4807,5,0,1,portal,medio,188,126,0
PJ0042,2026-06-30,Agronegócio,EPP,SP,217,31138.22,5578.72,11,2,1,19933.01,0.2454,3,0,0,telefone,baixo,907,949,1
PJ0043,2026-02-28,Indústria,ME,SP,26,12472.92,4351.03,57,2,2,10542.89,0.3824,0,0,0,portal,alto,309,334,0
PJ0044,2026-02-28,Serviços,EPP,MG,136,53246.07,8806.22,68,1,3,17311.07,0.4542,3,1,2,portal,alto,353,815,1
PJ0045,2026-06-30,Comércio,ME,SP,91,30771.51,11154.08,85,2,4,28507.67,0.5011,6,1,0,whatsapp,medio,741,795,1
PJ0046,2026-03-28,Serviços,EPP,SP,190,68163.75,17778.43,20,3,1,48661.4,0.4638,5,1,0,telefone,alto,705,900,1
PJ0047,2026-03-28,Comércio,EPP,SP,105,171255.51,78335.73,1,2,1,236132.19,0.3826,0,0,4,whatsapp,medio,231,912,1
PJ0048,2026-06-30,Comércio,EPP,RJ,213,53523.95,39451.7,29,3,1,85668.44,0.4562,3,0,0,whatsapp,medio,225,30,0
PJ0049,2026-06-30,Tecnologia,Grande,MG,60,470728.34,345644.4,78,2,2,389522.04,1.0402,1,0,0,whatsapp,medio,45,297,0
PJ0050,2026-04-30,Serviços,EPP,PE,79,51540.52,30606.18,20,1,1,52907.58,0.5728,3,1,0,email,medio,785,798,1
PJ0051,2026-04-30,Construção,EPP,SP,26,32019.73,3510.87,102,1,5,19042.97,0.279,1,0,3,portal,baixo,38,132,0
PJ0052,2026-05-28,Comércio,EPP,PR,124,86985.99,15372.38,57,2,2,74035.1,0.3116,3,1,1,telefone,,574,73,0
PJ0053,2026-01-28,Tecnologia,EPP,MG,212,200496.35,103019.51,26,4,1,124889.72,0.9697,8,1,3,telefone,alto,428,861,1
PJ0054,2026-01-28,Tecnologia,Grande,SP,28,1987621.33,873345.04,14,6,1,1861084.7,0.6318,0,0,0,whatsapp,baixo,775,850,1
PJ0055,2026-01-28,Indústria,ME,SC,60,20948.5,14535.09,56,1,2,42657.16,0.4529,6,0,0,portal,medio,829,861,1
PJ0056,2026-06-30,Serviços,ME,MG,221,69231.18,35592.58,24,1,1,56189.33,0.6054,8,1,0,email,medio,602,797,1
PJ0057,2026-06-30,Serviços,ME,SP,8,24386.48,7075.09,33,3,1,14320.62,0.5947,0,0,0,,medio,174,947,1
PJ0058,2026-06-30,Indústria,EPP,SC,130,18906.68,3633.14,45,2,2,8797.23,0.5739,0,0,0,whatsapp,baixo,697,108,0
PJ0059,2026-01-28,Tecnologia,Grande,RJ,193,500214.58,277783.29,7,2,1,488583.42,0.4909,6,1,1,portal,baixo,936,818,1
PJ0060,2026-05-28,Indústria,ME,SP,33,64184.81,9831.8,99,1,3,32268.92,0.3204,1,0,1,telefone,alto,171,309,0
PJ0061,2026-01-28,Construção,Média,BA,54,232972.3,54633.02,56,2,2,135087.75,0.4658,2,0,1,email,baixo,757,915,1
PJ0062,2026-04-30,Serviços,Média,PR,140,100205.51,68036.45,171,2,7,197614.32,0.3996,4,0,0,whatsapp,alto,6,194,0
PJ0063,2026-05-28,Comércio,Média,MG,61,125124.46,23321.84,38,2,2,84091.73,0.364,8,0,0,portal,medio,736,368,0
PJ0064,2026-01-28,Serviços,Média,RS,54,121267.79,84619.47,113,4,4,94720.67,0.8833,4,1,1,whatsapp,baixo,458,50,0
PJ0065,2026-01-28,Indústria,ME,MG,19,12009.07,6391.81,70,1,2,17344.44,0.2977,2,1,0,telefone,alto,401,403,0
PJ0066,2026-01-28,Serviços,Média,RS,120,247803.59,170994.7,12,3,2,309316.23,0.6291,6,0,0,portal,alto,398,781,1
PJ0067,2026-02-28,Serviços,ME,SP,43,42494.63,29433.52,65,1,2,55391.78,0.5916,6,0,1,telefone,medio,106,305,0
PJ0068,2026-01-28,Serviços,Média,BA,230,990573.98,228866.07,10,1,1,670690.02,0.3043,1,0,0,whatsapp,alto,694,831,1
PJ0069,2026-03-28,Construção,Grande,RJ,139,509400.9,72830.62,9,3,1,443906.48,0.1413,3,1,1,portal,baixo,809,955,1
PJ0070,2026-04-30,Comércio,ME,SP,39,82888.85,31446.26,27,3,2,99231.94,0.3026,8,0,0,email,medio,266,895,1
PJ0071,2026-02-28,Construção,Grande,BA,52,550977.46,48315.02,15,1,2,409175.21,0.278,4,0,0,email,medio,511,62,0
PJ0072,2026-01-28,Comércio,ME,MG,179,67069.34,15426.12,102,1,4,51719.81,0.3861,8,0,0,whatsapp,alto,179,72,0
PJ0073,2026-01-28,Indústria,EPP,SP,51,118795.71,78099.85,7,3,1,159211.07,0.4843,8,1,0,telefone,alto,894,881,1
PJ0074,2026-06-30,Comércio,Grande,RJ,13,2017727.04,161999.25,35,2,1,1264391.93,0.2142,2,1,1,whatsapp,medio,810,818,1
PJ0075,2026-04-30,Tecnologia,Média,SP,65,120017.91,79562.87,40,1,2,149399.83,0.5371,6,0,2,whatsapp,baixo,562,417,0
PJ0076,2026-05-28,Indústria,EPP,GO,38,23185.69,15110.58,38,2,3,38286.35,0.5429,7,0,1,telefone,medio,470,910,1
PJ0077,2026-04-30,Indústria,Média,RJ,58,164762.38,54557.81,43,1,1,168336.91,0.2555,7,0,4,whatsapp,alto,108,293,0
PJ0078,2026-06-30,Serviços,ME,GO,162,24258.47,2289.41,16,2,1,8621.73,0.4299,2,1,1,telefone,baixo,805,898,1
PJ0079,2026-06-30,Indústria,EPP,RJ,147,59980.38,9728.49,12,4,1,21837.87,0.5099,7,1,0,whatsapp,medio,885,823,1
PJ0080,2026-05-28,Serviços,Média,SP,24,437352.57,208730.26,13,5,1,587589.49,0.3956,7,1,0,email,medio,928,893,1
PJ0081,2026-02-28,Serviços,EPP,RJ,72,16124.76,7496.29,29,4,1,9395.69,0.8135,0,0,0,,medio,318,60,0
PJ0082,2026-04-30,Tecnologia,ME,GO,202,45566.3,24446.43,55,1,2,65545.71,0.5526,7,1,0,whatsapp,medio,544,37,0
PJ0083,2026-05-28,Serviços,EPP,RS,161,64746.35,33675.65,12,5,1,47069.6,0.6922,7,0,2,whatsapp,medio,655,75,0
PJ0084,2026-02-28,Agronegócio,ME,RJ,55,49681.42,34584.01,51,6,2,45440.18,0.7426,1,0,3,telefone,medio,155,397,0
PJ0085,2026-04-30,Serviços,ME,RJ,38,27953.18,16019.34,16,1,1,23309.07,0.6987,2,0,1,portal,medio,431,871,1
PJ0086,2026-02-28,Comércio,EPP,SC,144,94772.29,13325.04,58,4,2,56439.69,0.2423,3,0,2,email,alto,229,994,1
PJ0087,2026-02-28,Serviços,ME,SP,111,101556.05,15118.49,31,1,3,60769.13,0.3818,3,0,0,telefone,alto,359,920,1
PJ0088,2026-04-30,Construção,ME,RS,109,31536.2,3339.23,29,1,1,23004.16,0.2842,7,0,0,whatsapp,medio,692,953,1
PJ0089,2026-03-28,Serviços,EPP,PR,207,24286.96,9178.38,37,1,2,11266.5,0.7431,4,0,3,whatsapp,baixo,215,100,0
PJ0090,2026-06-30,Serviços,EPP,BA,74,,28573.28,56,2,2,90700.59,0.4788,6,0,3,portal,medio,205,102,0
PJ0091,2026-04-30,Agronegócio,Média,MG,233,160798.5,56614.26,55,1,3,139288.89,0.3337,4,1,0,email,medio,687,68,0
PJ0092,2026-01-28,Indústria,Grande,RJ,26,251430.86,87999.93,23,1,1,117203.62,0.73,5,0,2,telefone,,327,366,0
PJ0093,2026-04-30,Tecnologia,Grande,SC,131,1323954.33,473963.7,4,2,2,938352.89,0.498,8,0,1,email,baixo,979,190,0
PJ0094,2026-04-30,Serviços,ME,BA,154,74547.25,40244.21,10,4,1,58363.31,0.7527,2,1,1,telefone,alto,839,392,0
PJ0095,2026-06-30,Comércio,ME,SP,91,22761.75,7360.18,5,5,1,17194.13,0.4311,6,0,0,whatsapp,baixo,806,791,1
PJ0096,2026-01-28,Indústria,ME,PR,103,40427.02,20040.92,7,3,1,52482.72,0.5448,5,1,0,email,medio,734,403,0
PJ0097,2026-01-28,Agronegócio,EPP,SP,81,104679.91,38841.06,16,1,2,112916.33,0.3623,2,0,0,email,medio,649,846,1
PJ0098,2026-02-28,Indústria,ME,SP,119,76427.41,31305.05,31,2,3,95377.29,0.349,4,1,0,email,medio,340,981,1
PJ0099,2026-02-28,Comércio,EPP,SP,42,115842.5,36443.32,30,1,1,58969.83,0.7677,2,0,2,portal,alto,227,426,0
PJ0100,2026-02-28,Serviços,EPP,SP,122,98235.32,47961.95,89,1,2,106833.37,0.6136,3,0,1,whatsapp,baixo,96,981,1
PJ0101,2026-02-28,Comércio,ME,RJ,21,54948.44,24309.64,97,3,5,46322.74,0.6006,6,1,0,whatsapp,medio,257,869,1
PJ0102,2026-04-30,Serviços,EPP,SP,145,43692.27,20782.34,38,3,2,62827.75,0.2826,2,1,0,email,baixo,813,946,1
PJ0103,2026-06-30,Tecnologia,ME,RJ,160,18914.9,12657.46,11,1,1,15446.46,0.8964,8,0,0,whatsapp,alto,881,252,0
PJ0104,2026-04-30,Serviços,Média,SP,11,1344355.22,982785.21,40,1,3,2571753.15,0.509,0,0,0,telefone,,396,301,0
PJ0105,2026-03-28,Serviços,Média,RJ,96,295765.77,24800.29,19,4,1,81241.04,0.3425,8,1,0,telefone,medio,933,908,1
PJ0106,2026-01-28,Comércio,Média,RS,43,435631.59,80807.64,16,3,1,227676.34,0.3918,1,0,1,whatsapp,baixo,212,356,0
PJ0107,2026-06-30,Indústria,EPP,MG,201,31389.5,20252.14,33,1,2,22182.84,0.9715,2,0,1,whatsapp,medio,176,352,0
PJ0108,2026-06-30,Serviços,ME,MG,68,,22347.66,33,1,1,40126.1,0.583,1,0,1,whatsapp,medio,172,782,1
PJ0109,2026-01-28,Serviços,ME,RJ,56,47039.74,5851.12,22,1,1,15311.92,0.3664,3,0,0,email,medio,911,774,1
PJ0110,2026-03-28,Comércio,EPP,SP,59,109469.26,45154.88,49,3,2,95657.09,0.3999,6,1,2,email,medio,217,21,0
PJ0111,2026-06-30,Indústria,Média,PR,75,278619.8,162533.91,57,2,2,407152.4,0.5464,4,0,1,email,baixo,103,902,1
PJ0112,2026-05-28,Comércio,Grande,BA,231,168287.04,88695.62,50,2,2,207918.13,0.4717,2,1,0,,baixo,703,893,1
PJ0113,2026-05-28,Comércio,Média,SP,94,594175.05,368812.98,35,3,1,459523.23,0.7842,7,0,1,whatsapp,alto,276,414,0
PJ0114,2026-05-28,Agronegócio,EPP,PE,62,101491.22,33626.29,25,2,1,99972.59,0.4029,3,1,0,email,medio,700,980,1
PJ0115,2026-06-30,Comércio,ME,SP,153,15929.53,2261.57,31,6,2,12544.06,0.1903,6,1,2,telefone,baixo,599,769,1
PJ0116,2026-03-28,Serviços,ME,SP,135,59185.66,10111.12,7,1,1,48967.77,0.2882,2,0,1,telefone,baixo,713,961,1
PJ0117,2026-02-28,Serviços,EPP,PE,190,41453.39,11289.11,75,1,2,32526.49,0.2961,5,0,0,email,baixo,526,200,0
PJ0118,2026-02-28,Tecnologia,EPP,SP,89,15935.03,8915.32,53,1,1,13612.18,0.7416,3,0,2,portal,baixo,617,931,1
PJ0119,2026-03-28,Serviços,EPP,SP,173,131415.72,87163.22,98,6,5,219985.0,0.3861,1,0,0,portal,baixo,95,217,0
PJ0120,2026-05-28,Serviços,EPP,RJ,64,121698.91,47474.44,40,2,2,90672.18,0.6454,2,0,2,email,,281,85,0
PJ0121,2026-06-30,Comércio,Grande,RJ,48,305626.88,43692.26,30,1,2,145658.6,0.2204,7,0,2,telefone,baixo,384,376,0
PJ0122,2026-05-28,Agronegócio,EPP,SP,239,97476.72,14728.66,44,4,2,26096.29,0.5552,7,1,1,whatsapp,medio,867,951,1
PJ0123,2026-01-28,Serviços,EPP,SP,128,121751.69,74525.21,39,1,3,200571.62,0.4138,0,0,4,email,baixo,376,372,0
PJ0124,2026-02-28,Agronegócio,Grande,RJ,104,725728.09,537648.28,19,2,1,1139342.42,0.4482,5,0,4,telefone,baixo,292,882,1
PJ0125,2026-01-28,Serviços,EPP,RJ,97,102151.22,49772.47,18,2,1,58963.86,0.8782,8,0,0,whatsapp,medio,608,132,0
PJ0126,2026-05-28,Agronegócio,ME,SP,209,69787.87,10087.96,12,1,1,27076.75,0.3326,6,0,2,telefone,baixo,557,72,0
PJ0127,2026-03-28,Agronegócio,EPP,BA,78,65371.03,37451.92,10,2,2,110861.12,0.2858,8,1,1,telefone,medio,847,210,0
PJ0128,2026-03-28,Construção,Grande,SP,118,648175.58,467546.87,10,2,1,1290321.26,0.3314,5,1,1,portal,medio,962,896,1
PJ0129,2026-04-30,Construção,Média,MG,24,517366.89,319655.83,14,6,1,467014.25,0.7298,6,1,0,email,medio,519,817,1
PJ0130,2026-05-28,Comércio,ME,PR,28,91643.84,19352.66,51,2,2,52984.02,0.2935,4,0,4,email,medio,269,370,0
PJ0131,2026-03-28,Serviços,Média,SC,122,164278.8,49395.05,132,3,5,95269.52,0.5063,7,0,0,,medio,176,404,0
PJ0132,2026-06-30,Comércio,ME,SP,19,33755.36,6557.73,16,2,1,19365.3,0.3324,7,1,4,whatsapp,alto,640,43,0
PJ0133,2026-03-28,Indústria,EPP,RS,75,105476.54,74283.66,14,2,1,106183.92,0.7316,0,0,0,telefone,alto,689,886,1
PJ0134,2026-03-28,Comércio,ME,RJ,162,34748.85,14815.1,32,5,2,16241.6,0.9651,0,0,0,whatsapp,alto,570,969,1
PJ0135,2026-06-30,Tecnologia,ME,RS,17,56831.4,6713.37,55,2,2,42290.6,0.0798,6,0,0,email,medio,461,874,1
PJ0136,2026-03-28,Indústria,Média,SP,104,344751.69,251777.45,21,5,1,744103.13,0.3598,3,1,0,telefone,medio,844,786,1
PJ0137,2026-03-28,Agronegócio,EPP,MG,166,,31234.56,18,1,1,70072.08,0.3841,2,0,0,email,medio,434,992,1
PJ0138,2026-06-30,Comércio,ME,SP,167,33269.43,5816.7,51,1,2,19675.81,0.2689,3,1,0,whatsapp,alto,421,275,0
PJ0139,2026-05-28,Serviços,EPP,SP,17,61794.8,22606.87,20,1,1,50112.21,0.5128,4,0,1,portal,medio,706,163,0
PJ0140,2026-06-30,Comércio,ME,SP,198,51830.72,32698.22,29,4,1,39389.69,0.8507,2,0,3,portal,medio,777,976,1
PJ0141,2026-02-28,Comércio,Média,MG,108,86766.42,16116.28,5,2,1,51049.91,0.4628,4,1,1,telefone,baixo,572,933,1
PJ0142,2026-06-30,Serviços,ME,PR,28,,4789.02,10,5,2,8098.13,0.6651,0,0,1,telefone,medio,282,260,0
PJ0143,2026-03-28,Serviços,EPP,SP,41,36189.36,14634.85,14,2,1,40916.65,0.4727,8,0,2,email,baixo,724,839,1
PJ0144,2026-05-28,Indústria,ME,PR,191,50385.89,19184.61,88,3,3,38797.09,0.5321,5,0,1,whatsapp,baixo,205,253,0
PJ0145,2026-02-28,Serviços,Grande,SP,65,915860.5,441171.23,104,6,3,885213.89,0.5747,8,0,0,whatsapp,medio,162,260,0
PJ0146,2026-01-28,Tecnologia,EPP,RJ,88,22687.28,9818.6,21,4,2,21197.31,0.5744,1,0,0,telefone,baixo,349,904,1
PJ0147,2026-05-28,Comércio,EPP,SC,135,48346.62,22424.87,26,3,1,34601.08,0.7492,0,0,1,telefone,medio,730,995,1
PJ0148,2026-05-28,Comércio,ME,SP,123,21942.63,5704.63,59,1,1,12350.45,0.5154,0,0,0,telefone,baixo,129,298,0
PJ0149,2026-02-28,Serviços,ME,PR,208,8369.25,3990.4,22,1,1,6239.11,0.5656,3,1,0,telefone,medio,768,815,1
PJ0150,2026-02-28,Agronegócio,EPP,SP,56,132715.09,75713.18,95,2,4,100654.69,0.8761,7,0,0,whatsapp,medio,106,123,0
PJ0151,2026-05-28,Construção,EPP,SP,129,164182.75,42171.13,37,3,2,109839.05,0.4244,0,0,0,email,medio,539,988,1
PJ0152,2026-01-28,Tecnologia,Grande,RJ,28,297188.95,131370.04,75,3,4,415698.41,0.3804,4,0,0,telefone,medio,36,240,0
PJ0153,2026-05-28,Comércio,EPP,SP,115,124967.69,76173.21,42,1,3,203380.82,0.3356,5,0,2,portal,medio,407,104,0
PJ0154,2026-02-28,Agronegócio,EPP,GO,43,28845.97,13807.44,51,2,2,23141.54,0.5375,1,1,0,whatsapp,baixo,775,846,1
PJ0155,2026-03-28,Indústria,Grande,SP,183,400571.59,85662.82,50,1,2,208885.93,0.3557,5,0,1,telefone,medio,213,924,1
PJ0156,2026-05-28,Serviços,EPP,SP,196,63544.17,32922.28,72,1,4,101824.22,0.4918,7,0,2,telefone,medio,281,48,0
PJ0157,2026-04-30,Serviços,ME,SP,83,,3361.28,28,1,1,7247.81,0.5962,8,0,0,whatsapp,medio,928,940,1
PJ0158,2026-03-28,Serviços,EPP,PR,71,56919.26,8770.86,25,2,1,46147.34,0.3572,2,1,0,whatsapp,medio,832,832,1
PJ0159,2026-06-30,Comércio,EPP,MG,17,46346.31,34047.72,57,1,2,46193.77,0.7468,7,0,0,whatsapp,baixo,509,65,0
PJ0160,2026-04-30,Serviços,EPP,SP,208,,58133.42,32,1,2,127473.5,0.5597,6,0,1,whatsapp,medio,462,825,1
PJ0161,2026-04-30,Indústria,Grande,SP,103,1840909.86,701226.42,13,3,2,1962458.21,0.3273,5,1,4,whatsapp,alto,325,927,1
PJ0162,2026-03-28,Indústria,Média,PR,149,286484.37,108319.41,87,1,3,231632.06,0.5108,2,0,1,telefone,medio,101,143,0
PJ0163,2026-03-28,Comércio,EPP,PR,97,52056.67,5283.73,39,4,2,34755.4,0.1268,3,1,1,email,medio,727,138,0
PJ0164,2026-04-30,Comércio,Média,PR,7,303702.94,115904.9,40,2,1,343073.14,0.3051,7,0,0,whatsapp,baixo,543,927,1
PJ0165,2026-05-28,Tecnologia,EPP,GO,89,88301.55,32162.62,17,4,1,80023.09,0.3883,0,0,4,telefone,baixo,351,130,0
PJ0166,2026-03-28,Indústria,Média,SP,152,157458.1,89157.46,11,6,1,144023.48,0.6202,2,0,0,,baixo,782,786,1
PJ0167,2026-01-28,Indústria,Média,SP,144,194694.27,84519.1,31,1,3,151618.12,0.491,0,0,0,whatsapp,medio,792,816,1
PJ0168,2026-04-30,Comércio,ME,SP,155,13122.6,6220.36,58,3,1,7641.63,0.7717,6,0,1,telefone,baixo,842,846,1
PJ0169,2026-04-30,Serviços,ME,RJ,215,21924.88,15990.41,9,3,1,25375.59,0.6049,6,0,0,whatsapp,medio,915,410,0
PJ0170,2026-04-30,Comércio,EPP,SP,41,45123.56,10343.42,54,3,2,19291.91,0.5229,5,1,1,whatsapp,medio,605,778,1
PJ0171,2026-06-30,Comércio,EPP,SP,167,65410.63,43063.86,119,2,4,136344.99,0.4904,1,0,1,portal,baixo,108,91,0
PJ0172,2026-01-28,Indústria,ME,MG,126,37037.82,27663.97,66,1,4,53280.38,0.6266,8,0,0,whatsapp,,253,111,0
PJ0173,2026-04-30,Comércio,EPP,PE,20,90135.58,36802.24,111,2,4,70258.11,0.6579,6,0,1,telefone,baixo,218,226,0
PJ0174,2026-03-28,Tecnologia,ME,MG,208,17272.32,12231.22,68,5,4,23252.76,0.5796,1,0,0,email,medio,307,210,0
PJ0175,2026-03-28,Comércio,Média,PR,240,352406.91,175231.68,41,2,2,300224.43,0.5313,2,0,0,portal,alto,553,412,0
PJ0176,2026-04-30,Comércio,EPP,SP,109,128738.43,52141.1,54,3,3,88301.86,0.6793,2,1,2,portal,medio,195,917,1
PJ0177,2026-02-28,Comércio,Média,MG,92,158376.32,89961.96,62,1,4,156448.57,0.5124,5,0,0,whatsapp,baixo,428,19,0
PJ0178,2026-02-28,Serviços,ME,RJ,85,79428.25,35972.09,12,2,1,97474.66,0.4677,5,1,0,telefone,medio,948,795,1
PJ0179,2026-05-28,Construção,Média,PR,83,299249.54,175844.83,30,3,2,406337.6,0.4659,6,0,3,whatsapp,medio,543,821,1
PJ0180,2026-06-30,Comércio,Grande,SP,121,721486.15,428631.98,39,3,2,1273891.37,0.4455,3,0,0,email,medio,750,802,1
PJ0181,2026-06-30,Serviços,EPP,RJ,20,102121.08,66939.61,42,2,2,138034.73,0.475,1,0,0,portal,alto,527,894,1
PJ0182,2026-02-28,Serviços,Média,SP,20,169608.65,86151.42,43,1,2,107957.72,0.733,5,0,3,whatsapp,medio,560,994,1
PJ0183,2026-03-28,Comércio,Média,PR,41,157026.92,25099.03,36,4,3,84993.29,0.4429,6,0,0,whatsapp,medio,638,865,1
PJ0184,2026-04-30,Construção,Média,GO,58,225481.3,82911.27,32,2,2,221196.1,0.5172,2,0,0,portal,baixo,348,782,1
PJ0185,2026-06-30,Indústria,EPP,MG,118,119318.15,25611.31,25,2,1,60266.41,0.4363,5,0,0,whatsapp,alto,650,140,0
PJ0186,2026-04-30,Comércio,ME,SP,35,26985.92,4751.99,80,4,3,15049.79,0.4719,0,0,1,portal,medio,187,163,0
PJ0187,2026-03-28,Tecnologia,Grande,MG,113,533475.66,263068.33,11,2,1,732681.73,0.5003,6,0,1,email,medio,876,942,1
PJ0188,2026-02-28,Serviços,ME,PR,8,14004.72,2000.0,31,4,3,8032.31,0.3736,0,0,0,portal,baixo,692,835,1
PJ0189,2026-03-28,Agronegócio,ME,RJ,205,28964.37,21427.85,129,2,5,64451.63,0.4105,6,0,1,email,,40,424,0
PJ0190,2026-02-28,Serviços,EPP,RJ,20,126742.51,62162.11,52,1,1,101086.54,0.6636,7,1,1,portal,medio,872,918,1
PJ0191,2026-01-28,Indústria,ME,SP,105,14942.2,4659.38,48,1,2,9591.32,0.6335,0,0,4,email,baixo,180,249,0
PJ0192,2026-06-30,Serviços,EPP,RJ,153,56024.27,34784.02,21,2,2,110030.8,0.2525,7,0,1,whatsapp,baixo,733,806,1
PJ0193,2026-04-30,Serviços,Média,MG,132,97772.92,64151.2,9,3,1,149526.0,0.5856,5,0,0,telefone,alto,744,969,1
PJ0194,2026-05-28,Indústria,EPP,RS,218,74526.38,31902.59,37,3,2,64972.67,0.5322,5,1,0,email,medio,475,781,1
PJ0195,2026-01-28,Agronegócio,EPP,SP,31,229118.43,81871.77,41,3,3,188453.32,0.4556,4,1,1,whatsapp,baixo,644,995,1
PJ0196,2026-05-28,Comércio,Média,SP,210,735433.57,263263.72,9,4,1,687869.61,0.426,3,0,1,portal,medio,496,240,0
PJ0197,2026-03-28,Indústria,EPP,GO,81,24515.93,15486.16,27,2,2,45770.13,0.3327,5,0,2,portal,medio,234,941,1
PJ0198,2026-02-28,Serviços,ME,PR,223,110134.99,39746.8,11,1,1,75535.64,0.6409,1,1,0,telefone,medio,870,765,1
PJ0199,2026-05-28,Serviços,EPP,SP,138,161434.72,99753.57,29,3,1,142617.38,0.7361,5,1,0,telefone,medio,858,825,1
PJ0200,2026-05-28,Indústria,EPP,SP,122,43598.13,24707.01,22,1,1,75749.19,0.3055,8,1,1,telefone,baixo,794,869,1
PJ0201,2026-03-28,Serviços,ME,SP,48,48041.15,20655.1,56,6,2,56738.26,0.5134,8,1,0,whatsapp,medio,255,855,1
PJ0202,2026-03-28,Construção,ME,SP,137,132050.18,11528.58,101,4,3,84661.63,0.1506,1,0,0,telefone,alto,18,301,0
PJ0203,2026-02-28,Comércio,ME,PR,62,41077.42,14645.76,25,2,1,31083.73,0.6367,3,1,0,whatsapp,baixo,872,854,1
PJ0204,2026-05-28,Construção,Média,RJ,46,910948.75,639747.45,25,1,1,1358001.98,0.619,8,1,0,whatsapp,baixo,595,878,1
PJ0205,2026-03-28,Agronegócio,EPP,RJ,123,110680.71,54486.83,19,3,1,114970.63,0.5623,3,1,0,whatsapp,baixo,768,360,0
PJ0206,2026-01-28,Serviços,Grande,MG,206,514194.85,93200.21,87,2,4,256461.09,0.537,7,0,0,whatsapp,medio,63,173,0
PJ0207,2026-06-30,Comércio,ME,PR,180,146642.81,45376.7,101,3,3,88915.73,0.4665,4,0,1,whatsapp,medio,41,404,0
PJ0208,2026-05-28,Agronegócio,ME,MG,150,31421.92,7110.3,73,1,2,26469.39,0.376,5,0,2,portal,,162,761,1
PJ0209,2026-04-30,Indústria,ME,RS,203,22311.28,4130.77,62,2,2,13208.79,0.2329,6,0,0,email,medio,498,907,1
PJ0210,2026-01-28,Tecnologia,Média,SP,110,367482.83,129274.63,66,2,3,214398.79,0.5374,2,0,0,email,medio,302,70,0
PJ0211,2026-05-28,Construção,ME,SP,186,54856.89,22806.75,47,3,1,48227.82,0.4061,1,1,2,portal,medio,775,140,0
PJ0212,2026-03-28,Comércio,EPP,GO,48,38806.72,22792.19,14,3,1,32762.95,0.7684,0,0,3,email,medio,287,102,0
PJ0213,2026-04-30,Serviços,ME,SP,207,26611.46,18816.7,7,2,1,25983.94,0.8864,4,0,1,portal,baixo,835,246,0
PJ0214,2026-01-28,Serviços,Média,MG,83,139926.38,85225.11,34,2,2,203915.53,0.4262,7,1,0,email,medio,756,800,1
PJ0215,2026-05-28,Comércio,ME,SP,156,33453.3,19521.48,10,6,2,35857.95,0.4911,8,1,0,email,baixo,910,959,1
PJ0216,2026-03-28,Construção,ME,PR,136,182419.45,68091.45,39,1,2,202906.7,0.5102,3,0,4,portal,medio,456,428,0
PJ0217,2026-02-28,Indústria,EPP,MG,44,35239.22,21671.27,28,5,1,31614.61,0.6757,2,1,0,whatsapp,alto,894,808,1
PJ0218,2026-01-28,Comércio,EPP,RJ,21,113968.91,23695.96,64,3,3,54334.4,0.4503,8,0,0,,baixo,385,773,1
PJ0219,2026-04-30,Indústria,ME,SP,58,21242.23,5310.47,17,2,1,18326.35,0.3357,0,0,0,whatsapp,medio,697,836,1
PJ0220,2026-06-30,Serviços,EPP,SP,180,115024.26,79212.58,17,1,1,233082.81,0.2624,2,0,0,whatsapp,medio,607,362,0
PJ0221,2026-04-30,Serviços,EPP,SP,200,45177.13,15650.98,13,4,1,48470.89,0.3719,2,0,1,telefone,medio,403,872,1
PJ0222,2026-02-28,Indústria,ME,BA,137,35044.6,9571.1,64,1,2,19819.78,0.4502,2,0,0,telefone,baixo,363,968,1
PJ0223,2026-03-28,Tecnologia,ME,RJ,182,90352.01,9973.78,22,1,1,23732.34,0.5764,2,0,0,email,medio,732,874,1
PJ0224,2026-06-30,Tecnologia,ME,PE,66,8799.89,2361.49,61,3,2,6414.11,0.4189,2,1,1,telefone,alto,435,269,0
PJ0225,2026-01-28,Tecnologia,Média,RS,152,138803.34,92506.9,71,2,3,218258.88,0.3921,8,0,2,portal,,181,130,0
PJ0226,2026-02-28,Indústria,ME,SP,184,38045.78,20970.46,17,1,1,62237.61,0.4696,7,0,0,telefone,medio,485,761,1
PJ0227,2026-04-30,Tecnologia,ME,SP,100,92510.28,56864.35,37,2,1,168699.4,0.4514,7,0,1,whatsapp,medio,140,169,0
PJ0228,2026-03-28,Comércio,ME,RS,123,23172.03,6249.53,24,3,2,15656.28,0.4784,8,0,0,whatsapp,medio,504,769,1
PJ0229,2026-04-30,Serviços,EPP,MG,157,27783.43,3024.16,42,1,1,13254.55,0.2859,1,0,1,portal,baixo,522,846,1
PJ0230,2026-04-30,Comércio,ME,SP,28,,28722.67,27,5,1,42885.81,0.824,2,1,2,email,baixo,495,765,1
PJ0231,2026-06-30,Indústria,ME,SP,198,36330.18,10917.88,71,6,2,30670.81,0.473,3,0,1,portal,baixo,372,335,0
PJ0232,2026-01-28,Comércio,EPP,SP,158,25577.8,5908.64,16,2,2,16121.79,0.3553,1,1,1,email,baixo,731,772,1
PJ0233,2026-03-28,Construção,EPP,SP,96,79149.68,11997.23,39,1,1,28188.35,0.4262,4,0,2,telefone,baixo,352,951,1
PJ0234,2026-04-30,Comércio,EPP,MG,46,61521.76,5738.02,65,6,2,44261.86,0.1529,4,1,0,email,medio,122,354,0
PJ0235,2026-02-28,Serviços,ME,SP,178,14519.92,2000.0,19,6,1,8826.35,0.2977,1,0,4,telefone,medio,643,67,0
PJ0236,2026-01-28,Comércio,EPP,SP,134,116254.59,21437.08,88,1,2,59410.92,0.3803,6,0,1,telefone,alto,229,119,0
PJ0237,2026-01-28,Indústria,EPP,PE,233,260784.68,153770.01,23,2,1,275875.98,0.5424,8,1,1,whatsapp,baixo,824,888,1
PJ0238,2026-03-28,Tecnologia,Média,RJ,52,902198.5,148152.71,101,2,4,599180.88,0.293,7,0,4,whatsapp,alto,135,426,0
PJ0239,2026-01-28,Comércio,EPP,SP,112,84778.27,26731.59,58,2,3,46676.38,0.5872,5,0,1,whatsapp,baixo,655,219,0
PJ0240,2026-06-30,Serviços,Média,SP,84,545246.0,179983.28,54,2,2,476825.08,0.3355,7,1,0,telefone,medio,711,380,0
PJ0241,2026-04-30,Tecnologia,ME,SC,25,14341.78,9804.57,36,2,2,20805.94,0.4308,6,1,0,whatsapp,alto,812,875,1
PJ0242,2026-06-30,Indústria,ME,RS,185,17683.48,2000.0,1,6,1,13757.69,0.1865,6,1,1,whatsapp,medio,932,833,1
PJ0243,2026-04-30,Construção,EPP,SP,224,61019.19,41399.09,42,3,2,56699.49,0.8862,5,0,1,email,medio,733,827,1
PJ0244,2026-05-28,Tecnologia,EPP,SP,165,143771.15,47888.73,6,1,1,101801.87,0.5502,3,1,0,portal,medio,773,301,0
PJ0245,2026-01-28,Comércio,Média,SP,71,,160674.2,70,1,4,273410.21,0.5831,3,1,2,email,medio,534,780,1
PJ0246,2026-03-28,Construção,EPP,SP,186,81138.55,49494.1,110,1,5,115878.74,0.373,7,0,0,email,baixo,106,25,0
PJ0247,2026-03-28,Indústria,EPP,PR,19,17124.28,5224.86,53,1,2,15331.2,0.5093,3,0,0,telefone,baixo,653,315,0
PJ0248,2026-01-28,Tecnologia,ME,PE,23,165396.14,53925.02,37,3,1,101989.34,0.5521,5,0,1,email,baixo,190,75,0
PJ0249,2026-04-30,Indústria,ME,SP,23,9287.94,3077.94,15,1,1,5749.84,0.6101,2,0,0,telefone,baixo,789,956,1
PJ0250,2026-03-28,Comércio,EPP,SP,138,62065.38,16579.93,23,1,1,48681.56,0.3143,8,1,3,telefone,medio,642,816,1
PJ0251,2026-01-28,Tecnologia,EPP,SP,131,,20077.81,6,2,2,62087.46,0.4992,0,0,0,whatsapp,alto,844,896,1
PJ0252,2026-03-28,Serviços,ME,RJ,189,167206.53,106291.37,46,6,3,167724.9,0.5901,4,1,3,telefone,baixo,419,201,0
PJ0253,2026-02-28,Indústria,EPP,SP,227,43784.18,21305.51,33,3,3,32101.8,0.6284,7,0,0,whatsapp,medio,356,87,0
PJ0254,2026-05-28,Construção,ME,SP,154,14732.97,9427.3,36,4,1,26498.32,0.418,8,0,0,email,,455,39,0
PJ0255,2026-04-30,Construção,ME,SP,240,36969.85,9371.12,9,1,2,20755.39,0.6079,2,0,0,whatsapp,baixo,787,837,1
PJ0256,2026-06-30,Tecnologia,Média,MG,167,,259204.74,122,1,5,294810.57,0.8527,7,0,1,whatsapp,medio,102,386,0
PJ0257,2026-02-28,Comércio,Média,RJ,189,205430.58,109654.7,9,2,1,221405.97,0.6103,5,0,1,whatsapp,medio,499,776,1
PJ0258,2026-01-28,Indústria,EPP,RJ,204,,19638.05,46,4,2,61226.55,0.4946,1,0,1,whatsapp,baixo,718,989,1
PJ0259,2026-01-28,Tecnologia,EPP,SP,168,,14341.69,19,1,1,29694.43,0.5414,8,0,1,email,medio,670,962,1
PJ0260,2026-03-28,Agronegócio,ME,SP,209,46863.47,19179.51,60,2,1,54667.1,0.3998,1,0,0,whatsapp,baixo,610,255,0
PJ0261,2026-05-28,Serviços,EPP,RS,204,177105.31,88361.95,21,3,1,183921.72,0.614,0,0,2,telefone,baixo,803,927,1
PJ0262,2026-03-28,Serviços,ME,BA,63,34967.42,6839.89,180,6,6,29133.78,0.1888,1,0,1,email,baixo,15,39,0
PJ0263,2026-02-28,Comércio,Média,BA,153,217030.6,75802.88,67,1,2,165024.0,0.4946,7,0,1,portal,alto,83,225,0
PJ0264,2026-01-28,Indústria,ME,RJ,25,61834.96,30250.68,23,1,1,73730.83,0.5723,0,0,0,email,alto,290,874,1
PJ0265,2026-03-28,Comércio,ME,PR,125,62418.67,17124.85,22,1,1,20751.07,0.828,3,0,1,whatsapp,medio,719,928,1
PJ0266,2026-04-30,Serviços,ME,SP,15,70648.89,26349.51,16,2,1,80214.97,0.4003,4,1,1,email,baixo,663,795,1
PJ0267,2026-01-28,Serviços,EPP,PR,185,61196.42,16865.06,11,1,1,32138.78,0.4697,3,0,3,portal,medio,849,283,0
PJ0268,2026-06-30,Serviços,Média,RJ,178,61793.93,14086.1,175,2,5,49655.98,0.2284,2,1,1,telefone,baixo,44,67,0
PJ0269,2026-06-30,Serviços,Média,MG,114,550998.67,336279.06,53,3,3,491817.88,0.6164,5,1,1,portal,medio,573,174,0
PJ0270,2026-01-28,Agronegócio,ME,SP,91,20890.45,9340.81,90,1,2,22849.03,0.3707,1,0,0,email,baixo,608,233,0
PJ0271,2026-03-28,Serviços,ME,SP,201,29357.3,19135.56,30,4,2,54079.59,0.4021,5,1,0,email,alto,679,919,1
PJ0272,2026-06-30,Comércio,EPP,MG,146,70889.4,49080.88,17,5,1,68111.62,0.8476,1,0,1,whatsapp,baixo,842,248,0
PJ0273,2026-05-28,Tecnologia,ME,SP,163,38672.44,19719.5,62,1,2,33888.66,0.5877,8,1,0,telefone,baixo,701,985,1
PJ0274,2026-03-28,Serviços,Média,RS,173,150002.47,87341.52,24,2,1,176151.03,0.4354,6,0,3,telefone,baixo,192,242,0
PJ0275,2026-01-28,Serviços,Média,PR,141,173508.92,77231.07,8,4,1,118536.99,0.7892,3,1,1,portal,alto,969,977,1
PJ0276,2026-02-28,Agronegócio,EPP,SP,42,53014.05,11043.51,4,1,1,25475.65,0.3573,2,1,2,portal,medio,549,927,1
PJ0277,2026-02-28,Indústria,ME,PR,181,13755.45,2733.9,21,1,1,8127.4,0.4179,6,1,1,email,medio,625,914,1
PJ0278,2026-06-30,Serviços,EPP,RJ,209,24960.32,9766.75,31,2,1,11558.07,0.8882,4,0,0,email,medio,141,222,0
PJ0279,2026-03-28,Tecnologia,ME,SP,57,20533.67,5712.17,25,2,1,6045.58,1.1013,3,0,1,telefone,baixo,577,818,1
PJ0280,2026-05-28,Comércio,ME,BA,57,43471.0,31907.25,9,3,2,45911.38,0.7039,0,0,1,whatsapp,medio,675,913,1
PJ0281,2026-02-28,Comércio,EPP,SC,88,89074.07,45435.98,45,4,3,126429.88,0.5008,5,1,1,telefone,baixo,774,763,1
PJ0282,2026-04-30,Comércio,EPP,RJ,12,91867.5,61536.53,34,1,1,182576.14,0.3342,7,1,0,telefone,medio,668,805,1
PJ0283,2026-01-28,Construção,EPP,SP,127,148966.05,53169.59,19,1,2,117705.84,0.5335,8,0,4,telefone,medio,541,64,0
PJ0284,2026-06-30,Construção,EPP,PE,199,270606.64,80518.49,52,4,1,182511.29,0.4066,1,1,0,telefone,medio,929,886,1
PJ0285,2026-02-28,Agronegócio,ME,MG,84,159892.63,76252.87,38,3,2,178003.87,0.4309,8,1,1,portal,baixo,476,885,1
PJ0286,2026-03-28,Comércio,ME,SP,40,,2000.0,13,1,1,6181.32,0.4433,1,1,0,portal,medio,889,981,1
PJ0287,2026-04-30,Serviços,Grande,SP,102,2454231.03,1140198.73,50,1,3,1597822.85,0.7157,0,0,3,portal,baixo,133,255,0
PJ0288,2026-03-28,Construção,EPP,PE,82,89308.64,25937.15,4,2,2,58448.15,0.501,4,0,1,telefone,medio,483,248,0
PJ0289,2026-05-28,Comércio,EPP,SP,89,168626.57,52406.5,30,3,1,119960.32,0.4584,6,0,0,telefone,alto,389,88,0
PJ0290,2026-02-28,Serviços,EPP,SP,171,141691.75,26952.02,62,2,2,50889.89,0.5482,3,1,0,whatsapp,baixo,937,863,1
PJ0291,2026-01-28,Serviços,ME,SP,101,39750.26,21306.82,27,3,1,39919.42,0.5676,5,1,0,telefone,alto,627,70,0
PJ0292,2026-03-28,Serviços,ME,SP,135,17092.68,11440.4,5,3,1,24633.1,0.4941,4,0,0,whatsapp,baixo,468,771,1
PJ0293,2026-03-28,Comércio,Média,SP,201,211129.66,146843.73,62,1,3,464724.8,0.3916,7,0,2,whatsapp,medio,460,230,0
PJ0294,2026-02-28,Comércio,EPP,SC,92,206171.77,120491.44,16,2,1,215467.37,0.4817,0,0,0,whatsapp,baixo,412,811,1
PJ0295,2026-01-28,Comércio,ME,SP,115,,8965.88,48,2,3,45351.5,0.3729,6,1,0,portal,medio,395,849,1
PJ0296,2026-04-30,Serviços,ME,MG,132,12750.53,8636.44,18,2,1,22232.63,0.4665,1,0,0,telefone,medio,701,82,0
PJ0297,2026-06-30,Tecnologia,EPP,SP,173,99745.4,9159.84,59,2,3,60103.68,0.1482,1,0,0,email,medio,230,318,0
PJ0298,2026-03-28,Construção,ME,SC,106,17605.88,3594.36,39,2,2,13872.65,0.3814,7,0,0,telefone,medio,759,921,1
PJ0299,2026-04-30,Tecnologia,ME,SC,203,19510.4,14552.89,73,2,3,39467.7,0.3088,7,0,4,email,baixo,424,147,0
PJ0300,2026-06-30,Serviços,EPP,SP,33,54558.18,11745.72,63,1,3,26429.23,0.5246,7,0,0,whatsapp,baixo,41,798,1
PJ0301,2026-04-30,Serviços,EPP,SP,37,157174.01,99876.56,11,2,1,130513.68,0.9085,2,0,1,email,medio,298,404,0
PJ0302,2026-03-28,Comércio,EPP,PE,12,89199.95,32592.12,58,1,2,59201.93,0.7247,6,0,0,whatsapp,medio,516,28,0
PJ0303,2026-05-28,Serviços,Média,MG,155,241091.0,73731.69,38,6,2,169868.88,0.6086,3,1,0,whatsapp,,642,775,1
PJ0304,2026-01-28,Indústria,EPP,SP,74,233340.32,146633.88,9,2,1,414119.55,0.3812,3,1,1,whatsapp,medio,837,193,0
PJ0305,2026-02-28,Indústria,EPP,MG,76,44812.86,5301.88,59,1,2,31652.99,0.23,8,1,0,portal,alto,326,317,0
PJ0306,2026-05-28,Indústria,EPP,SP,231,62041.85,45129.74,67,2,3,77412.98,0.5047,4,0,0,whatsapp,baixo,755,211,0
PJ0307,2026-03-28,Serviços,EPP,PE,33,118451.48,24437.29,34,2,1,87990.86,0.2312,0,0,1,portal,,470,833,1
PJ0308,2026-06-30,Comércio,Grande,SP,85,,251763.18,17,4,1,1036801.42,0.3933,1,0,3,email,medio,689,915,1
PJ0309,2026-01-28,Tecnologia,Grande,SC,92,4683064.09,929129.37,5,1,1,2547540.22,0.4691,6,1,0,whatsapp,medio,849,979,1
PJ0310,2026-03-28,Comércio,EPP,RJ,222,,8571.72,13,3,1,19070.52,0.4994,1,0,0,email,alto,382,772,1
PJ0311,2026-04-30,Construção,ME,MG,54,15446.72,10331.59,24,2,1,24302.98,0.3896,7,0,1,email,baixo,731,409,0
PJ0312,2026-03-28,Construção,Média,SP,203,300555.74,79988.56,4,2,1,97940.14,0.7857,6,1,1,email,baixo,880,838,1
PJ0313,2026-06-30,Comércio,ME,SC,16,34001.82,14722.07,8,2,1,24977.14,0.7554,7,0,0,whatsapp,baixo,938,873,1
PJ0314,2026-02-28,Indústria,EPP,SP,96,59791.83,44400.94,27,4,1,67895.19,0.5903,7,1,2,whatsapp,baixo,582,881,1
PJ0315,2026-02-28,Comércio,Média,RJ,51,205640.68,113550.09,59,2,2,147534.59,0.8661,7,1,3,whatsapp,baixo,308,195,0
PJ0316,2026-02-28,Serviços,ME,RS,107,55537.12,9740.24,16,1,2,24861.49,0.4505,8,1,0,portal,medio,948,841,1
PJ0317,2026-04-30,Agronegócio,Média,RS,164,242810.1,104457.1,26,3,1,173296.58,0.682,2,0,0,whatsapp,medio,567,791,1
PJ0318,2026-02-28,Agronegócio,Média,SP,204,82977.6,56008.71,46,1,1,71632.09,0.7455,7,0,0,whatsapp,,846,277,0
PJ0319,2026-02-28,Tecnologia,ME,SP,180,,2000.0,87,2,3,6130.46,0.3216,0,0,0,portal,alto,224,386,0
PJ0320,2026-04-30,Comércio,ME,SP,195,30200.03,8889.79,133,3,6,23717.55,0.4049,5,0,2,telefone,,27,407,0
PJ0321,2026-02-28,Agronegócio,Média,SP,212,136561.36,46845.05,42,4,3,143096.05,0.3758,7,0,0,portal,medio,224,768,1
PJ0322,2026-06-30,Construção,EPP,PR,94,64796.93,42281.42,83,1,3,107807.68,0.5257,0,0,1,whatsapp,baixo,231,124,0
PJ0323,2026-06-30,Serviços,EPP,SP,8,208567.76,144509.8,67,3,2,214354.91,0.6897,7,0,0,telefone,baixo,94,402,0
PJ0324,2026-05-28,Agronegócio,Média,SP,163,44164.12,23082.36,32,3,3,55206.61,0.5493,6,1,1,email,alto,748,111,0
PJ0325,2026-03-28,Construção,ME,SP,94,21328.6,4812.94,43,3,2,14751.18,0.4747,8,0,0,whatsapp,medio,690,972,1
PJ0326,2026-01-28,Construção,ME,SP,13,52196.65,20315.31,13,1,1,31515.22,0.796,3,0,0,whatsapp,baixo,756,915,1
PJ0327,2026-04-30,Construção,Grande,MG,71,572461.1,255641.97,44,2,2,578523.34,0.5358,5,0,2,whatsapp,medio,194,847,1
PJ0328,2026-04-30,Agronegócio,Grande,SP,197,1723824.97,350036.3,16,1,1,1214566.93,0.3253,6,0,0,telefone,medio,724,126,0
PJ0329,2026-05-28,Tecnologia,ME,MG,227,63152.46,14020.43,16,3,1,39355.81,0.3511,4,1,4,telefone,medio,411,979,1
PJ0330,2026-04-30,Serviços,Média,SP,73,481067.17,123758.41,97,4,5,297832.13,0.3547,8,1,0,email,baixo,635,102,0
PJ0331,2026-01-28,Comércio,ME,SP,121,26221.75,9005.64,10,2,1,11258.64,0.8231,7,0,4,telefone,,606,894,1
PJ0332,2026-03-28,Construção,EPP,RJ,234,62230.35,27395.99,71,1,2,81075.78,0.3141,1,0,1,portal,baixo,586,832,1
PJ0333,2026-03-28,Serviços,Média,RJ,231,420112.27,279109.43,95,2,5,602594.79,0.635,1,1,0,telefone,,752,979,1
PJ0334,2026-06-30,Comércio,EPP,SC,177,55982.05,29194.08,180,6,5,57738.49,0.5058,7,1,0,email,medio,10,420,0
PJ0335,2026-03-28,Serviços,EPP,PR,193,38597.63,23700.52,15,2,1,70596.87,0.3431,0,0,0,email,baixo,906,949,1
PJ0336,2026-05-28,Agronegócio,Média,RS,117,221224.91,51784.63,46,2,1,120159.83,0.4879,2,0,0,email,medio,208,808,1
PJ0337,2026-04-30,Comércio,ME,PR,140,62475.14,11840.44,45,1,2,53895.73,0.2206,8,0,1,email,medio,183,841,1
PJ0338,2026-05-28,Indústria,ME,GO,191,6358.84,2000.0,44,3,2,4927.68,0.5109,1,0,1,telefone,alto,115,819,1
PJ0339,2026-03-28,Comércio,ME,SP,38,32700.5,9244.13,33,3,3,25164.25,0.4628,7,1,0,telefone,alto,936,391,0
PJ0340,2026-04-30,Indústria,ME,SP,29,139139.1,49708.55,40,3,2,142622.84,0.5065,8,0,0,telefone,medio,590,861,1
PJ0341,2026-04-30,Comércio,EPP,SP,182,26508.68,12911.09,41,6,2,39942.25,0.5009,4,0,0,whatsapp,baixo,450,916,1
PJ0342,2026-03-28,Serviços,ME,SP,97,17920.82,9080.63,9,6,1,21197.27,0.3843,0,0,3,whatsapp,medio,408,88,0
PJ0343,2026-03-28,Serviços,Média,SP,172,1101961.69,714871.55,70,6,3,961324.95,0.7353,6,1,2,whatsapp,baixo,339,57,0
PJ0344,2026-06-30,Comércio,EPP,SP,109,193646.06,118966.66,22,1,1,135393.09,1.0389,2,0,0,telefone,medio,624,92,0
PJ0345,2026-04-30,Indústria,Grande,SP,52,1127479.87,542441.0,16,2,1,1120851.55,0.6091,2,1,3,,medio,267,803,1
PJ0346,2026-03-28,Construção,ME,MG,13,33074.88,17456.25,28,2,1,51751.33,0.4744,1,1,1,email,baixo,501,154,0
PJ0347,2026-06-30,Indústria,ME,GO,111,56366.45,27077.36,6,1,1,64676.39,0.418,1,0,0,email,alto,480,213,0
PJ0348,2026-03-28,Tecnologia,ME,SP,191,18125.04,11433.63,46,1,2,26598.16,0.5892,7,1,0,email,baixo,839,315,0
PJ0349,2026-02-28,Indústria,ME,PE,52,50305.71,6999.65,62,2,3,25317.7,0.228,1,0,1,portal,medio,86,77,0
PJ0350,2026-03-28,Agronegócio,ME,SP,240,18628.97,2034.18,31,1,1,12573.68,0.3361,8,1,4,telefone,baixo,445,39,0
PJ0351,2026-06-30,Indústria,EPP,RJ,183,191343.23,132650.76,55,2,3,155055.03,1.0037,5,0,0,whatsapp,baixo,200,771,1
PJ0352,2026-03-28,Construção,EPP,RJ,217,49490.04,31311.13,57,3,2,68612.11,0.4486,0,0,0,portal,alto,568,929,1
PJ0353,2026-06-30,Comércio,Média,SP,130,441199.06,88028.91,32,1,3,349909.79,0.29,3,0,0,whatsapp,alto,360,771,1
PJ0354,2026-05-28,Comércio,ME,MG,102,18936.94,2753.83,21,1,1,11204.37,0.389,1,0,2,email,medio,201,85,0
PJ0355,2026-01-28,Agronegócio,Média,RS,143,372823.67,76124.21,8,4,1,242554.97,0.4834,2,1,1,whatsapp,baixo,888,843,1
PJ0356,2026-06-30,Serviços,Grande,SC,126,1630488.11,680573.61,134,1,4,1742832.8,0.4501,6,0,2,whatsapp,baixo,28,324,0
PJ0357,2026-03-28,Construção,EPP,SP,155,162167.85,42398.34,35,1,3,111115.57,0.5177,1,1,0,whatsapp,,496,844,1
PJ0358,2026-03-28,Comércio,ME,SP,94,22217.69,12103.61,47,4,2,16908.77,0.7829,2,1,0,telefone,medio,691,871,1
PJ0359,2026-02-28,Indústria,Média,BA,25,442061.51,254758.78,12,1,1,306371.28,0.9746,8,1,4,telefone,,452,820,1
PJ0360,2026-06-30,Comércio,EPP,SP,17,352683.23,220279.41,32,1,2,508848.39,0.5667,4,0,2,portal,alto,324,243,0
PJ0361,2026-01-28,Serviços,EPP,MG,172,98356.27,52476.86,60,6,2,110437.35,0.4288,4,0,0,email,medio,162,41,0
PJ0362,2026-02-28,Construção,EPP,MG,228,20543.65,6948.87,12,2,1,21233.58,0.2704,4,1,0,portal,medio,660,822,1
PJ0363,2026-03-28,Serviços,EPP,SP,213,32999.38,23428.24,21,1,1,40271.08,0.5708,1,0,0,telefone,medio,351,778,1
PJ0364,2026-06-30,Comércio,Média,SC,170,207348.68,96410.23,24,2,1,204694.33,0.502,2,1,1,telefone,baixo,966,924,1
PJ0365,2026-06-30,Indústria,Grande,RS,192,1427407.14,448601.9,53,1,2,1426261.55,0.2454,6,0,4,email,baixo,206,779,1
PJ0366,2026-02-28,Agronegócio,EPP,SP,131,135568.39,64161.19,16,1,1,123931.45,0.447,1,1,0,email,baixo,806,309,0
PJ0367,2026-06-30,Indústria,Grande,SC,64,1436901.34,699982.06,35,3,2,1701066.7,0.4481,3,1,1,email,baixo,593,924,1
PJ0368,2026-04-30,Serviços,Média,SP,35,276556.0,182946.89,57,3,1,339243.49,0.6974,2,0,0,,baixo,448,240,0
PJ0369,2026-03-28,Serviços,ME,SP,47,36674.62,24507.87,63,2,4,42009.11,0.5512,0,0,1,email,medio,47,305,0
PJ0370,2026-05-28,Indústria,Média,PR,143,254843.16,23295.26,69,1,2,71238.9,0.2754,1,0,0,email,medio,328,984,1
PJ0371,2026-03-28,Comércio,Grande,PE,138,1593004.78,958837.13,29,2,1,2762455.88,0.3237,5,0,0,telefone,alto,135,940,1
PJ0372,2026-05-28,Comércio,EPP,SP,231,43055.93,28167.51,20,3,1,52683.66,0.5633,4,1,0,telefone,medio,750,860,1
PJ0373,2026-01-28,Tecnologia,Média,SP,216,462716.23,144797.6,38,2,1,397100.61,0.2908,6,0,1,telefone,baixo,701,363,0
PJ0374,2026-05-28,Comércio,ME,SP,157,14008.08,7328.21,53,6,3,16940.99,0.5976,5,0,2,telefone,baixo,456,180,0
PJ0375,2026-02-28,Serviços,ME,SP,138,39717.2,13049.65,94,3,4,34093.61,0.4585,5,0,0,whatsapp,medio,271,785,1
PJ0376,2026-03-28,Construção,ME,RJ,5,59790.84,22828.67,32,1,1,47362.74,0.6616,6,1,0,portal,medio,713,961,1
PJ0377,2026-01-28,Indústria,Grande,MG,63,2039906.01,437272.18,97,2,4,1191613.4,0.5319,0,0,2,email,medio,22,254,0
PJ0378,2026-06-30,Comércio,Grande,MG,7,172777.4,24668.01,1,2,1,136088.76,0.2852,4,0,2,email,medio,159,162,0
PJ0379,2026-06-30,Serviços,EPP,MG,63,115717.4,32826.8,29,2,1,76737.82,0.5406,4,1,0,email,alto,946,273,0
PJ0380,2026-06-30,Agronegócio,EPP,SP,62,504339.67,283934.04,73,4,2,426466.33,0.6325,2,1,3,whatsapp,baixo,318,421,0
PJ0381,2026-06-30,Serviços,Grande,MG,63,2379722.28,1442813.79,26,4,1,3015703.24,0.5669,7,1,0,telefone,baixo,676,926,1
PJ0382,2026-05-28,Indústria,ME,RJ,17,,20818.39,37,1,3,61886.32,0.2969,2,0,3,whatsapp,medio,58,61,0
PJ0383,2026-01-28,Serviços,Média,SP,146,148431.96,35831.56,63,1,2,86045.65,0.3887,8,0,0,portal,medio,495,984,1
PJ0384,2026-06-30,Indústria,ME,RJ,164,35647.51,16072.15,66,2,4,38331.49,0.5067,2,0,1,whatsapp,medio,607,866,1
PJ0385,2026-06-30,Indústria,ME,RJ,128,31959.41,13986.99,51,3,2,20665.91,0.8225,1,0,0,email,medio,716,236,0
PJ0386,2026-01-28,Indústria,Média,SP,205,,30312.33,18,1,2,63874.42,0.4549,6,1,0,whatsapp,baixo,810,927,1
PJ0387,2026-04-30,Serviços,Grande,PR,217,1284657.94,772592.37,56,1,3,1256727.94,0.6063,5,1,2,whatsapp,alto,319,420,0
PJ0388,2026-01-28,Construção,Grande,SP,182,,184656.98,20,5,1,399382.49,0.6186,8,0,1,email,medio,414,242,0
PJ0389,2026-06-30,Indústria,Grande,SP,60,453093.28,107007.86,112,4,4,294875.28,0.3306,3,0,2,whatsapp,medio,100,86,0
PJ0390,2026-05-28,Tecnologia,EPP,SP,149,68097.88,34543.55,51,2,1,88894.48,0.4533,6,0,3,email,,345,143,0
PJ0391,2026-05-28,Comércio,ME,SP,208,43086.55,6818.33,77,2,2,37109.15,0.2998,6,1,0,telefone,medio,452,932,1
PJ0392,2026-04-30,Construção,ME,MG,150,30016.74,14465.44,30,3,1,23772.25,0.7862,4,1,0,email,medio,895,862,1
PJ0393,2026-02-28,Construção,ME,MG,187,57174.37,4613.59,41,1,3,40287.8,0.0795,1,1,0,telefone,medio,626,965,1
PJ0394,2026-05-28,Serviços,ME,MG,191,48679.36,14283.37,10,2,1,35433.96,0.4513,2,0,1,,medio,678,300,0
PJ0395,2026-04-30,Indústria,Média,SP,138,205916.64,47022.46,62,1,3,126918.41,0.4429,2,0,0,portal,alto,200,280,0
PJ0396,2026-06-30,Comércio,Média,SP,116,594989.96,155990.64,73,1,3,255617.59,0.5535,4,0,0,portal,baixo,897,318,0
PJ0397,2026-05-28,Comércio,ME,SP,17,,12564.34,49,1,2,24452.65,0.6281,0,0,0,whatsapp,alto,869,363,0
PJ0398,2026-03-28,Tecnologia,ME,SP,204,35550.76,8399.77,56,1,2,24149.38,0.3036,5,0,0,telefone,baixo,828,965,1
PJ0399,2026-05-28,Indústria,Média,RJ,93,464742.3,171732.02,77,3,4,348992.35,0.5261,2,0,1,whatsapp,medio,59,342,0
PJ0400,2026-03-28,Serviços,Média,BA,43,351608.95,73427.64,30,3,1,162520.14,0.5933,8,0,0,whatsapp,alto,321,843,1
PJ0401,2026-06-30,Serviços,ME,MG,165,26756.3,17133.32,33,1,2,36382.09,0.5656,3,0,0,whatsapp,alto,605,905,1
PJ0402,2026-03-28,Agronegócio,EPP,SP,240,74382.99,36375.52,78,4,4,96991.36,0.4157,8,1,1,telefone,alto,410,22,0
PJ0403,2026-03-28,Indústria,ME,SP,156,13973.12,8331.67,92,4,3,18352.54,0.4048,3,0,0,whatsapp,medio,496,365,0
PJ0404,2026-01-28,Comércio,EPP,RJ,138,14272.22,7403.7,19,1,1,9044.06,0.8497,8,0,1,telefone,baixo,717,948,1
PJ0405,2026-02-28,Comércio,EPP,BA,10,76439.51,22702.4,38,3,2,49753.99,0.401,5,0,0,email,,201,297,0
PJ0406,2026-04-30,Comércio,Média,SP,28,2015846.92,1391704.31,27,1,2,3965488.9,0.4616,0,0,0,,alto,366,53,0
PJ0407,2026-04-30,Agronegócio,Média,SP,19,139614.09,39565.75,87,3,3,114616.61,0.3474,7,0,0,whatsapp,medio,95,990,1
PJ0408,2026-02-28,Comércio,Grande,PE,110,2158988.34,546707.28,18,2,1,1668912.58,0.3925,2,1,2,portal,medio,903,839,1
PJ0409,2026-03-28,Agronegócio,Média,SP,140,1330475.73,951773.9,114,1,4,2935061.97,0.389,4,0,0,whatsapp,baixo,328,227,0
PJ0410,2026-06-30,Agronegócio,ME,GO,124,25251.19,5554.96,15,1,1,17911.7,0.4723,7,0,3,portal,alto,112,365,0
PJ0411,2026-05-28,Construção,Média,PR,124,381278.53,185169.19,42,2,2,355851.03,0.5391,5,1,1,email,medio,682,957,1
PJ0412,2026-03-28,Serviços,EPP,RJ,56,34866.69,12067.6,38,1,1,35441.78,0.3713,2,1,0,,medio,865,112,0
PJ0413,2026-02-28,Tecnologia,EPP,MG,235,160100.32,114890.08,36,2,2,239458.11,0.6108,8,0,2,whatsapp,medio,325,323,0
PJ0414,2026-06-30,Serviços,ME,SP,65,145492.8,19696.7,14,3,1,45610.95,0.4503,4,0,0,email,medio,853,36,0
PJ0415,2026-03-28,Indústria,ME,SC,236,86347.66,58830.46,31,3,1,186611.68,0.4184,2,0,0,whatsapp,baixo,616,794,1
PJ0416,2026-03-28,Construção,Média,BA,23,136842.77,56290.8,47,1,1,71781.61,0.8889,2,0,0,whatsapp,medio,331,300,0
PJ0417,2026-02-28,Indústria,EPP,GO,25,36594.79,17974.37,20,5,1,38815.58,0.4638,7,0,0,whatsapp,baixo,371,836,1
PJ0418,2026-05-28,Serviços,ME,MG,126,90087.1,23131.32,14,1,1,79551.91,0.3993,1,0,0,telefone,medio,624,785,1
PJ0419,2026-05-28,Agronegócio,Grande,SP,100,1429140.2,503406.88,22,4,1,687880.91,0.7436,3,0,1,whatsapp,baixo,743,304,0
PJ0420,2026-01-28,Comércio,EPP,SP,46,389979.86,222420.42,132,2,5,252986.2,0.9266,1,0,1,portal,medio,55,290,0
PJ0421,2026-02-28,Tecnologia,EPP,GO,90,63347.87,21218.78,26,4,1,41001.36,0.6753,2,0,1,,medio,472,55,0
PJ0422,2026-04-30,Serviços,Média,SP,78,180957.93,33414.55,42,2,2,130770.01,0.3215,1,0,4,whatsapp,medio,28,972,1
PJ0423,2026-03-28,Comércio,ME,MG,40,24376.47,5594.18,17,2,1,21018.47,0.3808,4,0,0,whatsapp,,225,933,1
PJ0424,2026-03-28,Serviços,ME,RS,105,40510.21,8352.62,49,1,2,21961.18,0.4756,8,1,0,whatsapp,baixo,764,765,1
PJ0425,2026-02-28,Tecnologia,ME,SP,231,10199.0,2000.0,22,3,1,5605.5,0.4513,7,0,0,whatsapp,baixo,515,883,1
PJ0426,2026-03-28,Agronegócio,EPP,MG,55,46921.43,26580.81,20,3,1,37969.36,0.7377,5,0,0,whatsapp,medio,540,367,0
PJ0427,2026-02-28,Comércio,ME,SP,210,15967.51,2000.0,37,1,1,9854.69,0.3246,1,0,4,portal,medio,192,852,1
PJ0428,2026-01-28,Construção,ME,RJ,237,11363.7,3401.11,12,3,1,8260.67,0.4158,7,0,0,email,baixo,656,772,1
PJ0429,2026-06-30,Indústria,Grande,PR,17,,31972.07,44,2,1,64239.9,0.5477,5,0,0,telefone,medio,590,813,1
PJ0430,2026-05-28,Construção,EPP,SP,12,64779.54,21138.5,11,2,1,31345.47,0.6763,3,1,0,whatsapp,medio,750,79,0
PJ0431,2026-06-30,Comércio,Média,RJ,184,343117.96,171675.62,95,2,3,308131.82,0.51,0,0,2,whatsapp,medio,157,309,0
PJ0432,2026-01-28,Indústria,ME,MG,163,19209.77,4068.19,2,2,1,16417.12,0.2581,7,0,0,whatsapp,baixo,914,826,1
PJ0433,2026-05-28,Indústria,ME,RJ,191,51203.62,25488.36,142,3,5,61228.18,0.3798,0,0,1,whatsapp,medio,8,53,0
PJ0434,2026-03-28,Serviços,ME,SP,38,13067.5,2953.51,4,3,1,5989.96,0.5432,4,1,3,,medio,480,985,1
PJ0435,2026-06-30,Comércio,EPP,SP,132,297991.88,188840.07,42,5,1,283166.25,0.6075,0,0,0,,baixo,651,94,0
PJ0436,2026-03-28,Construção,Grande,RJ,196,2921977.3,484438.3,28,2,1,873025.06,0.5772,5,0,1,email,baixo,929,34,0
PJ0437,2026-06-30,Serviços,EPP,SP,126,187609.25,39470.88,66,4,2,86363.7,0.558,5,0,0,email,baixo,647,133,0
PJ0438,2026-05-28,Construção,ME,MG,123,25747.96,9137.99,24,2,1,21299.24,0.55,5,1,3,whatsapp,alto,323,264,0
PJ0439,2026-05-28,Agronegócio,Média,SP,198,213212.37,63135.25,53,1,3,90546.21,0.7098,4,0,4,email,alto,314,78,0
PJ0440,2026-01-28,Tecnologia,Grande,MG,71,155710.43,39870.82,19,2,2,118772.39,0.4607,4,0,2,email,baixo,658,970,1
PJ0441,2026-03-28,Agronegócio,Grande,SP,111,1037021.29,615588.06,66,1,2,1300182.41,0.4022,6,1,2,portal,alto,112,269,0
PJ0442,2026-03-28,Indústria,Média,SC,20,672683.84,177781.41,13,3,1,587782.42,0.4155,3,0,0,whatsapp,medio,354,912,1
PJ0443,2026-02-28,Indústria,EPP,SP,119,,25333.72,12,5,1,57437.55,0.396,7,0,1,telefone,,786,995,1
PJ0444,2026-04-30,Agronegócio,Média,SP,185,675910.1,225676.72,11,4,1,685760.08,0.326,1,1,0,email,baixo,550,786,1
PJ0445,2026-01-28,Construção,EPP,SP,131,113830.58,81589.51,24,2,1,161584.13,0.6163,7,1,0,whatsapp,medio,843,908,1
PJ0446,2026-05-28,Agronegócio,ME,BA,240,45774.21,22695.37,61,1,2,68313.88,0.2638,4,1,0,telefone,medio,271,16,0
PJ0447,2026-02-28,Serviços,EPP,SP,22,33981.33,24163.47,12,1,1,71797.43,0.3159,6,1,0,telefone,alto,732,812,1
PJ0448,2026-01-28,Serviços,ME,SP,42,18578.36,12164.69,40,4,3,32512.29,0.3025,3,0,0,telefone,baixo,266,859,1
PJ0449,2026-04-30,Comércio,Média,RJ,196,,20744.36,71,2,3,45223.54,0.5035,3,1,0,whatsapp,alto,410,767,1
PJ0450,2026-01-28,Comércio,EPP,SP,108,52741.74,12911.67,8,1,1,42037.38,0.4525,0,0,1,whatsapp,,714,929,1
PJ0451,2026-05-28,Construção,Média,MG,163,193731.05,43906.98,9,1,1,99155.34,0.5855,5,0,1,email,baixo,266,913,1
PJ0452,2026-06-30,Agronegócio,Grande,RJ,73,2865958.94,230178.19,45,2,1,2150346.71,0.2085,8,0,0,telefone,baixo,536,281,0
PJ0453,2026-02-28,Indústria,ME,SP,94,24482.45,17179.31,68,2,3,51072.21,0.3585,2,0,0,telefone,medio,782,280,0
PJ0454,2026-02-28,Agronegócio,Média,BA,176,497791.2,247518.76,26,3,1,756570.3,0.3093,0,0,0,whatsapp,baixo,422,400,0
PJ0455,2026-06-30,Serviços,EPP,SC,25,102916.16,62829.18,44,1,1,169699.01,0.501,2,1,0,whatsapp,baixo,891,399,0
PJ0456,2026-06-30,Construção,EPP,SP,155,64374.95,17011.68,18,4,1,46060.26,0.5117,0,0,2,portal,medio,413,764,1
PJ0457,2026-06-30,Comércio,Média,SP,163,211274.31,32124.98,44,1,1,118149.54,0.3005,7,0,0,,alto,257,166,0
PJ0458,2026-01-28,Construção,Média,RS,95,148818.11,39720.06,10,2,1,114948.72,0.3461,6,0,0,whatsapp,baixo,859,937,1
PJ0459,2026-06-30,Agronegócio,ME,SP,76,27404.71,6172.91,43,3,3,24372.86,0.2505,1,1,0,telefone,medio,689,766,1
PJ0460,2026-05-28,Serviços,ME,SP,44,22845.99,4121.41,19,5,1,13562.92,0.456,7,1,0,telefone,medio,665,811,1
PJ0461,2026-01-28,Serviços,EPP,SP,199,76860.74,34270.11,20,6,1,72761.01,0.639,3,1,0,portal,alto,539,50,0
PJ0462,2026-03-28,Serviços,EPP,SP,237,277846.24,135011.99,53,2,2,245590.0,0.5257,2,0,0,email,,134,169,0
PJ0463,2026-01-28,Serviços,ME,SP,94,15423.1,6542.17,22,3,1,13414.01,0.5981,7,0,0,whatsapp,medio,614,143,0
PJ0464,2026-06-30,Comércio,Grande,MG,217,1025545.45,532995.11,8,3,2,742717.53,0.8161,2,0,0,telefone,baixo,734,898,1
PJ0465,2026-06-30,Serviços,ME,MG,170,42470.62,24766.87,105,2,4,77432.17,0.3169,7,0,1,whatsapp,alto,101,256,0
PJ0466,2026-06-30,Agronegócio,ME,SP,70,89269.0,64364.03,6,6,1,185830.4,0.4187,0,0,0,email,alto,916,283,0
PJ0467,2026-03-28,Serviços,EPP,SC,42,43213.59,30646.27,16,1,1,70841.36,0.5557,5,0,0,email,baixo,472,938,1
PJ0468,2026-01-28,Construção,ME,SP,83,34104.42,6271.86,53,2,2,15517.47,0.3428,7,0,0,email,alto,486,61,0
PJ0469,2026-06-30,Indústria,EPP,MG,64,106239.77,45133.11,62,5,3,91486.12,0.666,4,0,2,whatsapp,alto,374,171,0
PJ0470,2026-03-28,Comércio,Média,BA,36,970422.67,488097.14,50,1,2,1472007.93,0.4928,6,1,0,email,,717,310,0
PJ0471,2026-04-30,Tecnologia,EPP,SP,38,57732.8,20689.19,14,4,1,45759.26,0.6157,0,0,3,whatsapp,medio,560,296,0
PJ0472,2026-04-30,Indústria,EPP,SP,36,63117.0,46587.55,23,1,2,113708.37,0.4035,0,0,1,whatsapp,baixo,447,899,1
PJ0473,2026-03-28,Indústria,ME,RJ,164,47509.93,29314.84,17,2,1,87888.09,0.4672,3,0,0,telefone,alto,273,264,0
PJ0474,2026-01-28,Construção,Média,MG,94,348170.82,242521.94,49,3,3,294341.25,0.9116,3,0,0,email,baixo,283,301,0
PJ0475,2026-02-28,Comércio,EPP,SP,32,26304.05,14603.24,19,3,1,32534.14,0.6193,2,1,2,email,medio,146,785,1
PJ0476,2026-05-28,Comércio,ME,RS,227,44046.85,9930.09,23,2,1,22395.54,0.3834,8,0,2,telefone,baixo,832,62,0
PJ0477,2026-06-30,Indústria,EPP,PR,26,48203.87,8561.27,81,2,3,21346.25,0.4964,6,1,0,telefone,baixo,174,283,0
PJ0478,2026-04-30,Serviços,Média,PR,106,241827.55,115783.43,83,1,2,274818.43,0.4127,4,0,0,whatsapp,baixo,248,833,1
PJ0479,2026-05-28,Indústria,EPP,MG,182,180193.49,126958.71,30,1,1,265821.72,0.5018,4,0,0,whatsapp,medio,523,830,1
PJ0480,2026-05-28,Comércio,ME,SC,96,13720.21,10144.44,14,3,1,27174.16,0.5361,5,0,1,,baixo,634,336,0
PJ0481,2026-05-28,Comércio,EPP,RS,104,134238.71,76905.43,22,2,1,152826.99,0.5694,4,1,0,whatsapp,medio,876,829,1
PJ0482,2026-01-28,Indústria,ME,PR,68,133564.97,24578.56,122,2,5,92486.88,0.3355,1,0,1,whatsapp,baixo,108,855,1
PJ0483,2026-03-28,Tecnologia,EPP,PR,79,16977.47,3540.67,35,1,2,12387.71,0.3288,8,0,1,telefone,baixo,673,955,1
PJ0484,2026-02-28,Comércio,EPP,SC,64,22436.44,2309.87,31,3,2,19240.44,0.2535,6,0,3,whatsapp,medio,329,126,0
PJ0485,2026-03-28,Serviços,ME,SP,8,19707.3,2020.48,53,1,2,6990.15,0.4477,7,1,3,whatsapp,baixo,575,98,0
PJ0486,2026-04-30,Tecnologia,ME,SP,29,33001.17,8051.75,34,2,2,17787.85,0.6131,3,0,1,whatsapp,baixo,396,982,1
PJ0487,2026-05-28,Comércio,ME,RJ,74,69640.96,47892.85,64,3,4,135173.23,0.4803,0,0,2,email,medio,255,174,0
PJ0488,2026-06-30,Indústria,ME,SP,143,17836.67,5455.68,85,1,4,16476.67,0.5043,3,0,3,portal,baixo,383,116,0
PJ0489,2026-02-28,Serviços,EPP,SC,69,,12530.81,75,1,4,19714.22,0.6581,2,0,0,whatsapp,baixo,444,94,0
PJ0490,2026-05-28,Comércio,ME,RJ,26,26469.82,13490.15,120,2,5,18462.5,0.8528,8,0,0,telefone,baixo,149,68,0
PJ0491,2026-06-30,Indústria,EPP,MG,238,88415.95,52937.41,15,1,1,124736.03,0.532,8,0,0,,alto,342,825,1
PJ0492,2026-02-28,Comércio,ME,BA,180,59268.55,28969.33,46,3,2,90993.07,0.3996,2,1,4,whatsapp,baixo,642,125,0
PJ0493,2026-01-28,Comércio,Grande,PR,202,834045.25,161506.81,110,3,5,737729.95,0.1897,3,0,0,email,alto,22,186,0
PJ0494,2026-06-30,Serviços,ME,RJ,82,20531.19,14082.99,53,2,1,30541.68,0.6131,4,0,1,email,baixo,328,344,0
PJ0495,2026-06-30,Agronegócio,EPP,SC,44,34337.85,3670.43,28,1,2,15084.91,0.3346,0,0,1,whatsapp,medio,756,345,0
PJ0496,2026-02-28,Serviços,ME,RJ,104,23477.75,9587.95,29,3,1,18009.22,0.5044,7,0,2,whatsapp,medio,859,938,1
PJ0497,2026-03-28,Serviços,ME,RJ,100,77712.79,54894.81,28,1,1,139689.15,0.4891,6,0,3,portal,,749,795,1
PJ0498,2026-01-28,Comércio,EPP,RS,87,22169.86,6988.82,3,1,1,20766.01,0.3033,2,1,0,telefone,baixo,885,993,1
PJ0499,2026-04-30,Comércio,EPP,BA,28,116432.14,29885.07,9,2,1,57573.17,0.6366,1,0,0,whatsapp,baixo,679,961,1
PJ0500,2026-04-30,Agronegócio,ME,PR,161,22705.65,5379.98,51,3,2,14100.47,0.4281,0,0,0,whatsapp,medio,757,980,1
PJ0501,2026-03-28,Serviços,ME,SP,128,5455.49,2000.0,56,2,3,2990.25,0.6378,6,1,0,telefone,medio,836,848,1
PJ0502,2026-05-28,Comércio,ME,SP,18,11708.7,2000.0,118,1,5,9155.47,0.2314,5,0,1,telefone,medio,70,91,0
PJ0503,2026-06-30,Serviços,Média,PE,161,107679.55,11391.39,55,1,1,70117.26,0.2703,2,0,4,whatsapp,medio,443,207,0
PJ0504,2026-02-28,Indústria,ME,SC,45,29494.76,4339.58,43,5,2,9550.99,0.4728,7,1,0,email,baixo,525,169,0
PJ0505,2026-01-28,Serviços,EPP,MG,214,22764.39,15685.1,1,2,1,30914.87,0.6467,6,0,0,portal,medio,883,845,1
PJ0506,2026-03-28,Serviços,Média,MG,199,535293.06,224657.5,47,2,2,417646.27,0.6962,6,1,0,email,baixo,851,763,1
PJ0507,2026-05-28,Tecnologia,Média,RJ,25,358786.6,160325.45,109,2,3,275514.91,0.5741,7,0,2,portal,medio,45,86,0
PJ0508,2026-06-30,Serviços,ME,MG,191,12039.79,2000.0,72,1,3,4897.9,0.4082,7,1,1,whatsapp,medio,611,877,1
PJ0509,2026-03-28,Comércio,EPP,GO,13,95482.4,7778.28,14,2,1,84632.23,0.0202,3,0,1,email,medio,884,877,1
PJ0510,2026-01-28,Tecnologia,EPP,MG,113,,15181.56,43,1,2,25880.39,0.6017,8,0,1,,medio,362,141,0
PJ0511,2026-03-28,Serviços,EPP,SC,146,67429.98,27420.82,37,1,2,71914.37,0.4519,0,0,0,email,baixo,731,984,1
PJ0512,2026-06-30,Indústria,EPP,SP,123,70307.57,18987.42,21,3,1,26977.79,0.7608,3,0,0,portal,medio,511,208,0
PJ0513,2026-02-28,Serviços,EPP,MG,215,152429.09,42070.77,37,1,2,123144.49,0.425,8,0,1,whatsapp,baixo,718,898,1
PJ0514,2026-01-28,Serviços,Média,SP,24,202523.52,65392.46,76,2,2,166034.75,0.4247,3,0,0,email,baixo,437,157,0
PJ0515,2026-05-28,Serviços,Grande,RJ,198,,629560.61,51,1,2,711962.26,0.9382,4,1,0,email,medio,217,829,1
PJ0516,2026-06-30,Comércio,ME,SC,209,38628.62,27857.01,43,3,1,62000.81,0.5739,2,1,0,email,medio,689,802,1
PJ0517,2026-04-30,Agronegócio,ME,MG,100,25673.61,16773.42,46,5,3,21991.16,0.8024,0,0,0,whatsapp,baixo,673,980,1
PJ0518,2026-02-28,Indústria,EPP,SC,196,95742.27,56343.08,13,2,2,109337.31,0.6218,4,1,2,email,medio,933,988,1
PJ0519,2026-04-30,Serviços,EPP,MG,100,43397.37,24805.34,42,1,3,28035.97,0.8869,6,1,0,email,medio,549,86,0
PJ0520,2026-03-28,Tecnologia,ME,PR,44,9256.6,3632.0,94,1,4,5602.9,0.6281,7,0,2,email,baixo,142,966,1
PJ0521,2026-06-30,Comércio,ME,SP,124,52931.61,10678.82,63,3,3,36164.14,0.305,3,1,2,portal,alto,240,968,1
PJ0522,2026-06-30,Comércio,ME,RS,32,,49023.51,23,1,1,153553.84,0.4285,8,0,0,whatsapp,medio,488,930,1
PJ0523,2026-03-28,Comércio,ME,PE,89,98530.52,53632.32,4,1,1,102106.43,0.6058,6,1,0,email,baixo,806,971,1
PJ0524,2026-06-30,Serviços,ME,BA,90,66951.63,42530.36,98,4,4,83956.76,0.5352,8,0,1,email,medio,290,84,0
PJ0525,2026-01-28,Comércio,EPP,SP,85,73478.03,21991.66,22,1,2,65555.02,0.3681,1,0,2,telefone,baixo,816,873,1
PJ0526,2026-01-28,Tecnologia,EPP,PR,229,119993.11,80647.57,65,5,2,169418.3,0.5809,7,0,3,telefone,alto,124,158,0
PJ0527,2026-03-28,Comércio,EPP,SP,201,57367.8,18441.82,30,2,2,38982.23,0.4763,3,1,0,email,medio,967,123,0
PJ0528,2026-02-28,Comércio,Média,PR,191,143016.67,97608.93,180,4,6,233764.06,0.5822,1,0,1,whatsapp,medio,19,388,0
PJ0529,2026-01-28,Comércio,ME,PR,190,27219.19,4578.62,130,2,4,17120.09,0.3434,8,0,4,telefone,medio,19,311,0
PJ0530,2026-02-28,Serviços,Grande,SP,28,252423.97,136082.3,33,3,1,330721.45,0.3839,2,0,3,whatsapp,medio,123,89,0
PJ0531,2026-04-30,Comércio,Média,RJ,238,589662.84,222986.78,43,6,2,491609.93,0.5159,4,0,1,whatsapp,alto,119,70,0
PJ0532,2026-04-30,Serviços,EPP,SP,39,70072.28,22093.67,11,1,1,44536.63,0.6207,0,0,0,,medio,879,22,0
PJ0533,2026-01-28,Serviços,Média,RJ,141,284622.46,27967.71,91,5,4,198812.04,0.1822,3,0,0,whatsapp,medio,496,822,1
PJ0534,2026-06-30,Construção,ME,MG,144,59911.95,31773.35,23,2,1,80714.76,0.3781,6,0,0,telefone,baixo,432,827,1
PJ0535,2026-03-28,Agronegócio,EPP,RJ,130,42042.16,11324.53,53,2,3,25987.83,0.4194,3,0,0,email,baixo,299,419,0
PJ0536,2026-06-30,Serviços,EPP,MG,169,14858.58,6032.99,14,2,1,14108.23,0.5937,8,1,1,whatsapp,baixo,909,959,1
PJ0537,2026-04-30,Comércio,EPP,SP,69,76964.76,48958.79,45,1,2,130570.85,0.4079,3,1,0,whatsapp,baixo,341,371,0
PJ0538,2026-04-30,Agronegócio,Média,PE,30,110188.05,27073.44,68,1,3,86141.8,0.4268,0,0,0,email,medio,174,82,0
PJ0539,2026-04-30,Indústria,EPP,SP,184,60936.01,36047.14,96,4,5,88871.78,0.42,7,0,0,whatsapp,medio,404,207,0
PJ0540,2026-04-30,Serviços,ME,PR,171,13657.82,3955.48,39,2,3,9588.86,0.4323,7,0,0,whatsapp,baixo,429,889,1
PJ0541,2026-05-28,Indústria,ME,GO,93,155087.17,80187.23,14,1,1,110343.38,0.6533,1,1,1,portal,baixo,867,343,0
PJ0542,2026-02-28,Comércio,EPP,SP,223,101838.27,56979.95,39,1,1,85450.15,0.7837,0,0,0,telefone,medio,676,776,1
PJ0543,2026-06-30,Tecnologia,EPP,PE,107,23409.82,3229.6,36,1,2,11196.04,0.4312,1,0,0,portal,baixo,420,862,1
PJ0544,2026-02-28,Comércio,ME,BA,212,,9515.04,43,1,2,27231.18,0.3063,3,0,4,whatsapp,baixo,254,209,0
PJ0545,2026-02-28,Comércio,EPP,MG,40,113170.71,74606.48,28,2,2,141459.71,0.5247,8,1,0,telefone,alto,734,406,0
PJ0546,2026-05-28,Indústria,EPP,SC,35,43396.05,21840.06,114,2,4,53703.95,0.5385,8,0,3,email,medio,50,330,0
PJ0547,2026-04-30,Construção,ME,PR,93,32570.09,14825.24,54,1,2,45602.1,0.2954,2,0,1,whatsapp,baixo,703,308,0
PJ0548,2026-05-28,Indústria,ME,SP,76,37665.21,13328.45,74,1,4,38031.31,0.3722,6,0,2,whatsapp,medio,477,264,0
PJ0549,2026-01-28,Comércio,Média,SP,185,378171.7,144696.4,60,4,2,331041.91,0.4816,6,0,0,telefone,medio,568,234,0
PJ0550,2026-03-28,Serviços,Média,BA,39,,40451.56,80,3,3,85518.13,0.4746,5,0,0,whatsapp,medio,193,138,0
PJ0551,2026-05-28,Tecnologia,ME,SC,35,,9451.02,70,2,3,17322.22,0.6742,6,0,1,whatsapp,medio,371,364,0
PJ0552,2026-06-30,Serviços,ME,MG,77,35515.91,9950.31,23,2,1,16843.0,0.5861,1,1,0,whatsapp,medio,649,231,0
PJ0553,2026-01-28,Comércio,EPP,RS,72,220990.04,127314.75,40,2,2,141682.8,0.92,2,0,1,email,alto,215,99,0
PJ0554,2026-01-28,Tecnologia,Média,SP,51,518170.53,335769.14,45,3,1,506431.09,0.7013,2,0,0,email,alto,195,161,0
PJ0555,2026-01-28,Comércio,Grande,PR,4,1021829.2,647019.0,13,2,2,2053109.8,0.4709,5,0,0,email,baixo,658,927,1
PJ0556,2026-01-28,Serviços,EPP,SP,197,114054.82,55092.82,80,1,3,82846.5,0.7784,8,0,0,email,alto,382,179,0
PJ0557,2026-04-30,Serviços,ME,MG,140,29163.37,18947.36,102,1,4,21731.6,0.833,3,1,0,telefone,medio,568,173,0
PJ0558,2026-03-28,Construção,EPP,RS,212,62034.45,19007.16,6,3,1,28987.72,0.6987,4,1,0,whatsapp,medio,881,984,1
PJ0559,2026-04-30,Agronegócio,ME,SP,80,,6015.89,60,4,1,23480.91,0.4348,3,0,0,portal,medio,258,332,0
PJ0560,2026-06-30,Indústria,ME,RJ,239,,2845.53,55,2,2,10921.5,0.4399,8,0,0,portal,baixo,348,157,0
PJ0561,2026-01-28,Serviços,EPP,SC,64,38398.39,7408.3,46,1,2,27498.82,0.2848,0,0,2,telefone,medio,102,895,1
PJ0562,2026-02-28,Agronegócio,EPP,RS,107,27834.9,20803.42,12,4,1,62608.28,0.4919,1,0,1,whatsapp,alto,812,917,1
PJ0563,2026-03-28,Indústria,Média,RS,33,327213.22,31778.65,41,5,1,285478.14,0.1547,4,0,0,email,medio,315,969,1
PJ0564,2026-02-28,Serviços,EPP,SP,197,43375.31,6794.84,68,1,3,13004.36,0.6574,8,0,0,telefone,,456,994,1
PJ0565,2026-06-30,Serviços,Média,RS,34,,169854.79,84,2,4,374784.37,0.3957,1,0,4,email,baixo,93,318,0
PJ0566,2026-06-30,Tecnologia,ME,SC,75,15931.88,9717.26,23,1,1,21137.83,0.4962,4,0,0,email,,459,862,1
PJ0567,2026-01-28,Agronegócio,EPP,SP,191,90469.94,25933.32,12,2,1,75491.14,0.4439,7,0,0,email,medio,931,825,1
PJ0568,2026-05-28,Comércio,ME,RS,22,19051.7,7875.06,19,1,1,21733.69,0.5307,3,0,1,whatsapp,medio,595,53,0
PJ0569,2026-02-28,Indústria,Grande,RJ,220,1368845.48,1016907.16,36,2,1,3010777.71,0.4775,6,1,1,email,medio,232,871,1
PJ0570,2026-06-30,Construção,EPP,RJ,237,122451.17,48784.07,30,1,1,144195.7,0.3535,1,1,0,whatsapp,alto,669,942,1
PJ0571,2026-02-28,Indústria,EPP,SP,148,122162.17,56249.42,32,1,2,105226.43,0.6492,3,0,2,email,,457,829,1
PJ0572,2026-04-30,Indústria,ME,PR,227,53424.71,8340.24,6,2,1,21124.56,0.3819,2,1,0,whatsapp,baixo,733,931,1
PJ0573,2026-06-30,Comércio,Grande,RJ,112,419502.36,128792.01,61,5,3,374276.57,0.4014,7,1,3,email,baixo,720,907,1
PJ0574,2026-06-30,Agronegócio,Grande,RJ,57,,194408.1,38,1,2,400080.28,0.541,5,1,0,email,baixo,595,392,0
PJ0575,2026-04-30,Serviços,ME,SP,200,69926.88,40748.96,27,2,1,126631.56,0.4665,1,0,0,email,medio,648,831,1
PJ0576,2026-02-28,Construção,ME,SC,6,17631.09,4929.28,35,1,2,13097.7,0.4996,6,1,4,email,medio,518,302,0
PJ0577,2026-05-28,Serviços,Média,SC,96,148246.74,96002.73,30,1,1,161481.73,0.5927,5,1,0,email,baixo,837,913,1
PJ0578,2026-02-28,Serviços,Grande,PE,234,384960.9,217911.19,45,1,1,661295.16,0.4638,8,1,0,portal,baixo,492,34,0
PJ0579,2026-03-28,Serviços,EPP,MG,142,160029.03,119369.18,44,1,2,229649.9,0.5252,4,1,0,whatsapp,medio,672,880,1
PJ0580,2026-02-28,Tecnologia,Média,SP,194,515347.76,165717.74,16,3,1,501387.06,0.4563,3,0,0,whatsapp,medio,415,792,1
PJ0581,2026-02-28,Indústria,EPP,SP,138,62247.32,36607.44,92,1,3,58410.28,0.6654,8,1,1,email,medio,383,233,0
PJ0582,2026-05-28,Comércio,EPP,RJ,135,204358.16,19777.94,48,2,2,124753.66,0.2056,7,0,1,email,alto,148,280,0
PJ0583,2026-06-30,Indústria,Grande,SP,213,1094510.68,550638.84,48,1,2,1299314.92,0.4894,1,0,3,email,medio,188,216,0
PJ0584,2026-04-30,Comércio,EPP,SP,52,98808.75,58157.24,120,1,3,96319.8,0.7613,7,1,0,whatsapp,baixo,273,74,0
PJ0585,2026-02-28,Agronegócio,ME,SP,63,121727.77,46636.31,16,6,1,101719.66,0.5403,1,1,3,whatsapp,baixo,566,879,1
PJ0586,2026-01-28,Indústria,EPP,SP,76,171506.47,113247.66,73,1,4,321709.45,0.2822,8,1,1,whatsapp,medio,834,266,0
PJ0587,2026-01-28,Serviços,ME,RJ,112,22940.91,5683.44,6,3,1,13528.19,0.5474,5,0,2,,baixo,819,155,0
PJ0588,2026-04-30,Agronegócio,Média,GO,119,65228.9,41321.85,32,1,2,88426.04,0.5801,1,1,0,portal,medio,855,894,1
PJ0589,2026-01-28,Comércio,ME,SP,58,27738.44,14120.88,80,2,2,18203.39,0.9198,1,0,1,telefone,baixo,101,291,0
PJ0590,2026-04-30,Indústria,Média,RS,81,370239.18,161939.62,11,2,1,254401.16,0.6724,7,0,4,telefone,medio,476,147,0
PJ0591,2026-01-28,Serviços,Média,RJ,183,436069.28,214998.49,83,2,4,289183.01,0.8374,7,0,0,telefone,,110,295,0
PJ0592,2026-05-28,Comércio,Média,SP,210,413191.15,152203.01,78,1,3,372662.95,0.4238,2,0,0,email,baixo,150,206,0
PJ0593,2026-05-28,Agronegócio,Média,SC,32,453208.01,228349.21,44,2,3,423981.91,0.671,4,0,2,whatsapp,baixo,178,763,1
PJ0594,2026-06-30,Comércio,Média,RS,16,545623.78,371024.67,15,2,1,755671.83,0.4421,1,0,3,telefone,medio,632,274,0
PJ0595,2026-04-30,Tecnologia,ME,SP,114,7059.06,2762.75,128,2,5,8256.26,0.2822,0,0,0,email,alto,43,350,0
PJ0596,2026-03-28,Indústria,EPP,PE,30,349579.43,116924.65,39,3,1,289929.09,0.4305,1,1,0,whatsapp,baixo,800,773,1
PJ0597,2026-06-30,Comércio,Média,SP,233,142742.2,41866.77,37,3,2,100779.14,0.4211,3,0,1,email,medio,212,399,0
PJ0598,2026-06-30,Tecnologia,EPP,MG,37,54981.13,23655.82,127,5,5,37645.34,0.7352,2,0,3,whatsapp,medio,13,98,0
PJ0599,2026-06-30,Construção,Média,RJ,236,905350.89,649297.2,14,6,1,1924273.38,0.4634,7,0,1,portal,baixo,548,412,0
PJ0600,2026-03-28,Serviços,ME,SC,210,9889.21,6576.03,71,4,4,18882.67,0.5117,5,0,1,whatsapp,alto,323,94,0
PJ0601,2026-03-28,Comércio,ME,SP,239,20997.45,2322.18,64,2,2,7394.43,0.2673,3,0,1,whatsapp,alto,247,778,1
PJ0602,2026-02-28,Serviços,Média,PE,201,211197.76,74173.26,11,1,1,137882.97,0.6315,4,0,0,email,baixo,723,865,1
PJ0603,2026-01-28,Serviços,Média,PR,44,382142.08,38433.75,100,2,5,326113.53,0.1095,6,0,0,telefone,medio,148,361,0
PJ0604,2026-02-28,Agronegócio,ME,SP,74,43759.96,32803.83,28,1,1,49608.55,0.6868,2,0,2,telefone,baixo,512,785,1
PJ0605,2026-01-28,Serviços,EPP,SP,47,79627.47,33445.83,111,2,3,85832.4,0.494,0,0,2,email,medio,58,117,0
PJ0606,2026-03-28,Comércio,EPP,SC,178,14238.73,8520.94,48,3,2,26647.27,0.4741,6,1,1,whatsapp,alto,841,386,0
PJ0607,2026-04-30,Tecnologia,EPP,RJ,143,120373.15,50752.55,2,6,2,100536.61,0.5818,5,0,1,email,medio,861,776,1
PJ0608,2026-03-28,Serviços,ME,RS,218,504766.0,202402.48,20,1,2,278873.77,0.797,2,0,0,whatsapp,baixo,877,983,1
PJ0609,2026-02-28,Comércio,ME,MG,91,8009.08,4920.23,36,1,2,11337.67,0.5473,7,1,1,whatsapp,medio,387,174,0
PJ0610,2026-02-28,Serviços,Média,MG,160,95193.44,48332.87,135,2,5,84887.11,0.7038,7,0,1,whatsapp,medio,62,875,1
PJ0611,2026-02-28,Serviços,ME,RJ,140,65871.42,43805.98,131,3,6,135017.13,0.314,2,0,0,email,baixo,79,172,0
PJ0612,2026-06-30,Indústria,EPP,RJ,201,,17132.01,72,4,3,33840.15,0.5472,4,0,0,telefone,alto,307,23,0
PJ0613,2026-04-30,Tecnologia,ME,SP,153,69518.32,15378.91,180,2,6,51576.82,0.2675,3,0,0,email,baixo,90,382,0
PJ0614,2026-06-30,Comércio,EPP,RS,33,126022.01,42012.77,27,2,1,80541.59,0.5895,0,0,1,portal,baixo,523,166,0
PJ0615,2026-06-30,Comércio,ME,SP,96,44289.63,20858.84,18,1,1,46462.35,0.4908,2,1,3,,baixo,739,772,1
PJ0616,2026-04-30,Indústria,Grande,GO,26,516064.74,206848.95,34,6,3,414412.85,0.5782,8,0,1,whatsapp,medio,362,975,1
PJ0617,2026-05-28,Comércio,EPP,GO,24,106348.88,10809.1,31,6,2,27439.16,0.566,0,0,0,email,medio,668,834,1
PJ0618,2026-02-28,Construção,Média,SP,202,268176.71,25411.71,38,2,2,139005.01,0.278,7,0,0,portal,alto,248,180,0
PJ0619,2026-02-28,Comércio,Grande,RJ,18,1353476.66,395477.85,40,3,2,1132637.85,0.3566,2,1,2,whatsapp,alto,805,780,1
PJ0620,2026-06-30,Agronegócio,ME,RJ,185,131756.3,71985.58,173,1,6,213336.8,0.3987,2,0,0,portal,baixo,11,144,0
PJ0621,2026-05-28,Comércio,EPP,SP,56,61087.5,8844.41,39,1,3,19359.17,0.587,7,0,0,telefone,medio,707,829,1
PJ0622,2026-03-28,Indústria,Grande,PR,195,2934100.52,1569690.16,58,2,2,4508336.32,0.4386,3,0,0,email,baixo,173,60,0
PJ0623,2026-06-30,Construção,ME,RJ,4,12471.45,2000.0,69,1,2,6003.0,0.3484,0,0,3,whatsapp,alto,153,235,0
PJ0624,2026-03-28,Agronegócio,ME,SC,84,22035.06,12293.03,72,4,3,27865.09,0.4248,1,0,0,whatsapp,alto,384,781,1
PJ0625,2026-04-30,Indústria,EPP,MG,217,9390.86,6557.59,27,1,1,14105.75,0.4532,0,0,2,telefone,baixo,92,389,0
PJ0626,2026-06-30,Tecnologia,ME,PR,23,24503.2,7708.89,22,2,1,21230.69,0.4962,1,1,1,whatsapp,baixo,625,325,0
PJ0627,2026-06-30,Comércio,Grande,SP,139,149734.97,43756.11,36,6,2,111879.65,0.3702,6,1,0,email,medio,638,925,1
PJ0628,2026-04-30,Tecnologia,EPP,SP,20,73072.09,11430.85,47,3,3,52508.34,0.2827,8,0,2,email,medio,170,935,1
PJ0629,2026-03-28,Indústria,Média,BA,181,208906.14,127650.21,15,1,1,393211.4,0.4835,0,0,0,portal,baixo,928,770,1
PJ0630,2026-04-30,Serviços,Média,SC,32,1435785.52,1028965.27,71,6,3,2599187.31,0.5727,1,0,0,portal,medio,169,252,0
PJ0631,2026-04-30,Serviços,EPP,MG,74,66180.99,29336.61,100,1,5,85065.99,0.449,4,0,1,telefone,medio,142,157,0
PJ0632,2026-03-28,Agronegócio,ME,SP,65,94404.03,51735.02,78,1,2,54501.06,1.014,0,0,0,whatsapp,alto,104,176,0
PJ0633,2026-05-28,Serviços,ME,SP,88,,5589.15,21,2,1,8417.06,0.821,0,0,0,portal,medio,763,923,1
PJ0634,2026-05-28,Indústria,ME,SP,145,88602.13,28409.2,58,1,3,82413.69,0.3893,4,1,1,portal,,628,854,1
PJ0635,2026-01-28,Tecnologia,Média,SP,10,72852.48,49029.24,34,1,2,68750.67,0.6592,2,0,0,whatsapp,medio,390,255,0
PJ0636,2026-03-28,Serviços,ME,RJ,147,,2000.0,86,4,3,8614.62,0.3805,6,0,0,portal,medio,227,25,0
PJ0637,2026-06-30,Construção,Média,RJ,52,273999.14,202586.27,72,3,2,583865.02,0.4933,8,0,1,portal,medio,313,299,0
PJ0638,2026-04-30,Indústria,Média,SP,240,325087.71,81022.68,44,1,3,112021.54,0.7982,4,0,1,,medio,208,359,0
PJ0639,2026-05-28,Agronegócio,EPP,PE,199,72469.47,27383.09,32,1,3,66236.08,0.4971,3,0,3,email,medio,151,855,1
PJ0640,2026-03-28,Agronegócio,Grande,PR,48,391928.79,53735.47,62,3,2,331190.85,0.2375,0,0,0,telefone,medio,194,389,0
PJ0641,2026-03-28,Indústria,Média,SP,115,98439.64,55973.04,23,2,2,119702.03,0.4184,6,1,0,telefone,medio,783,952,1
PJ0642,2026-01-28,Tecnologia,ME,SP,81,28379.24,9701.06,25,1,1,21430.83,0.5253,3,1,3,telefone,medio,780,24,0
PJ0643,2026-06-30,Indústria,Grande,MG,58,805581.55,174439.93,37,3,1,676926.86,0.3533,8,0,0,telefone,baixo,410,770,1
PJ0644,2026-03-28,Serviços,ME,RJ,98,7118.12,4320.21,101,4,5,6532.55,0.6756,8,1,0,telefone,medio,166,768,1
PJ0645,2026-04-30,Comércio,Média,SP,33,305233.71,187152.91,34,4,1,428904.72,0.5597,6,1,0,portal,medio,883,888,1
PJ0646,2026-01-28,Comércio,EPP,RS,143,13283.39,9332.53,53,1,1,15476.6,0.7363,1,0,2,portal,baixo,328,861,1
PJ0647,2026-06-30,Tecnologia,ME,SP,71,22086.45,7995.45,30,1,1,23592.66,0.339,4,1,1,whatsapp,medio,799,124,0
PJ0648,2026-06-30,Serviços,EPP,PR,99,64872.89,19456.58,51,2,3,32309.31,0.6891,2,0,3,portal,baixo,273,797,1
PJ0649,2026-04-30,Tecnologia,EPP,BA,106,19176.87,2000.0,28,3,1,4842.8,0.5637,6,0,0,email,medio,458,966,1
PJ0650,2026-05-28,Tecnologia,EPP,SP,224,74559.2,53861.18,63,2,3,56661.08,1.0789,7,1,0,telefone,medio,622,300,0
PJ0651,2026-06-30,Comércio,Média,RJ,90,143264.08,56545.07,24,2,2,135700.16,0.4624,7,1,1,email,baixo,890,895,1
PJ0652,2026-01-28,Serviços,Média,PR,190,242412.88,118027.04,36,6,1,317981.65,0.4739,1,1,0,whatsapp,baixo,461,158,0
PJ0653,2026-04-30,Serviços,ME,SP,146,20975.08,6925.69,70,6,3,17326.52,0.3942,5,0,1,telefone,baixo,147,383,0
PJ0654,2026-03-28,Indústria,ME,SP,172,64157.75,43291.9,33,2,1,115514.71,0.5081,3,0,2,whatsapp,alto,298,67,0
PJ0655,2026-04-30,Agronegócio,ME,RJ,78,40855.16,4209.85,36,6,1,13137.64,0.3321,7,0,1,whatsapp,medio,694,868,1
PJ0656,2026-03-28,Serviços,EPP,SP,39,80018.42,16112.61,43,1,3,52437.13,0.3268,8,0,3,telefone,,91,109,0
PJ0657,2026-03-28,Tecnologia,ME,MG,198,44283.71,32431.86,38,1,2,99274.37,0.2517,2,0,0,email,baixo,699,994,1
PJ0658,2026-06-30,Serviços,ME,SP,44,61809.04,13581.09,54,4,2,45676.51,0.4647,8,0,0,whatsapp,medio,350,181,0
PJ0659,2026-02-28,Agronegócio,EPP,SP,178,153920.57,76293.3,2,1,1,239869.65,0.3409,8,1,4,portal,alto,546,58,0
PJ0660,2026-05-28,Tecnologia,ME,RJ,183,69003.17,5562.76,20,4,1,36514.92,0.1594,0,0,1,whatsapp,medio,264,962,1
PJ0661,2026-02-28,Comércio,Média,RS,132,,521909.61,33,3,2,1556311.97,0.3162,8,0,3,whatsapp,baixo,32,201,0
PJ0662,2026-01-28,Tecnologia,Média,GO,195,133577.42,49425.59,31,2,2,156185.27,0.3494,7,1,1,portal,medio,658,788,1
PJ0663,2026-06-30,Indústria,EPP,MG,195,156967.36,48089.55,50,3,1,122679.83,0.5121,2,0,1,email,medio,468,396,0
PJ0664,2026-01-28,Serviços,ME,SP,217,68865.27,48070.36,71,6,3,61686.54,0.9265,5,0,3,whatsapp,baixo,128,219,0
PJ0665,2026-01-28,Serviços,EPP,SP,143,86039.99,21204.45,66,1,3,41757.02,0.5724,6,1,0,whatsapp,alto,721,934,1
PJ0666,2026-04-30,Serviços,EPP,SP,25,71749.12,34860.84,42,3,2,65718.63,0.6923,8,0,0,telefone,medio,636,266,0
PJ0667,2026-06-30,Serviços,ME,GO,35,74026.9,50048.22,38,2,2,107879.84,0.5616,7,0,2,email,alto,358,258,0
PJ0668,2026-02-28,Serviços,ME,SP,76,,7301.41,109,2,4,10123.83,0.7881,1,0,0,whatsapp,,166,227,0
PJ0669,2026-02-28,Indústria,EPP,RS,199,45154.9,19450.57,30,3,1,54468.27,0.4754,0,0,0,whatsapp,alto,773,375,0
PJ0670,2026-05-28,Serviços,Média,SP,120,66808.39,29471.4,83,1,3,62741.54,0.5898,2,1,3,whatsapp,medio,167,47,0
PJ0671,2026-04-30,Serviços,EPP,RS,106,236102.13,54167.01,2,1,1,201775.49,0.3034,4,0,2,telefone,medio,507,859,1
PJ0672,2026-01-28,Tecnologia,ME,SP,96,,8498.13,60,5,2,13498.84,0.6668,4,0,1,email,medio,534,924,1
PJ0673,2026-05-28,Indústria,Grande,SP,12,1254596.3,775308.73,42,1,2,1648175.24,0.556,4,0,2,whatsapp,medio,309,193,0
PJ0674,2026-03-28,Indústria,ME,MG,19,42945.8,15681.86,94,2,3,33022.96,0.5461,2,0,0,telefone,alto,42,83,0
PJ0675,2026-04-30,Serviços,Média,SP,170,144906.5,100276.94,13,1,2,135139.39,0.705,6,0,0,portal,medio,765,192,0
PJ0676,2026-03-28,Serviços,Média,PE,191,509328.8,303128.1,7,2,1,458054.12,0.7321,8,1,0,telefone,alto,912,824,1
PJ0677,2026-03-28,Serviços,Média,SP,31,660715.81,467915.67,48,2,2,731876.36,0.6514,5,0,0,whatsapp,medio,155,768,1
PJ0678,2026-02-28,Comércio,ME,MG,109,28650.91,7659.39,40,2,3,19926.3,0.3527,5,1,0,portal,medio,960,948,1
PJ0679,2026-03-28,Comércio,ME,SP,47,30145.77,5977.4,40,2,1,16066.12,0.4268,2,0,0,email,alto,429,351,0
PJ0680,2026-05-28,Serviços,ME,SP,192,33563.56,12964.02,49,3,3,21499.88,0.7811,8,0,1,portal,baixo,564,284,0
PJ0681,2026-02-28,Comércio,Média,SC,48,44948.2,30975.05,30,3,1,78662.34,0.5073,6,0,3,portal,medio,287,899,1
PJ0682,2026-01-28,Indústria,EPP,RJ,38,101726.33,52920.85,47,1,3,113283.71,0.4516,3,0,1,whatsapp,medio,368,333,0
PJ0683,2026-03-28,Indústria,EPP,PR,65,278921.4,73602.74,18,3,1,241596.04,0.3863,6,0,0,portal,medio,388,231,0
PJ0684,2026-04-30,Tecnologia,Grande,RS,207,853219.55,529692.6,88,2,3,983589.61,0.4613,2,0,0,email,baixo,156,79,0
PJ0685,2026-02-28,Serviços,Grande,MG,154,793917.1,589894.31,21,1,1,1204789.3,0.5208,2,1,0,whatsapp,alto,817,882,1
PJ0686,2026-03-28,Indústria,ME,SP,114,29202.51,14341.73,23,1,1,44911.65,0.3249,6,0,3,email,medio,348,879,1
PJ0687,2026-06-30,Serviços,Média,SP,24,,96333.72,14,2,1,191929.46,0.6775,8,0,2,telefone,medio,492,140,0
PJ0688,2026-04-30,Indústria,ME,GO,207,15162.38,10098.74,68,1,3,13788.17,0.6527,2,0,4,portal,medio,261,911,1
PJ0689,2026-03-28,Tecnologia,ME,SC,161,19451.26,7627.03,129,2,5,10858.45,0.7178,6,0,1,whatsapp,baixo,157,180,0
PJ0690,2026-06-30,Agronegócio,Grande,RJ,193,553403.97,389308.73,28,3,1,511993.19,0.9092,5,0,0,portal,medio,791,975,1
PJ0691,2026-04-30,Comércio,EPP,PR,201,,26673.96,47,2,3,55841.79,0.6278,4,0,0,email,medio,292,968,1
PJ0692,2026-03-28,Serviços,Média,SP,135,283754.5,62158.2,115,1,5,155163.97,0.3859,3,0,2,email,alto,19,174,0
PJ0693,2026-02-28,Tecnologia,EPP,SP,5,127119.82,12944.71,17,3,2,36000.41,0.3141,7,0,1,portal,medio,543,919,1
PJ0694,2026-03-28,Serviços,Média,SP,222,282707.85,74079.28,57,2,2,148078.44,0.4245,4,1,0,whatsapp,medio,662,148,0
PJ0695,2026-06-30,Indústria,EPP,SP,213,36459.52,11913.69,97,1,5,16598.22,0.6712,2,0,0,portal,medio,475,218,0
PJ0696,2026-05-28,Serviços,Média,SP,77,288637.41,167432.43,82,1,3,304752.67,0.6155,4,0,1,email,medio,39,222,0
PJ0697,2026-04-30,Indústria,ME,SP,116,97441.4,64074.45,63,3,2,190995.52,0.5154,2,0,0,telefone,medio,230,165,0
PJ0698,2026-03-28,Agronegócio,EPP,MG,6,54838.12,22213.51,73,1,3,30239.15,0.7281,7,0,3,whatsapp,baixo,105,206,0
PJ0699,2026-02-28,Serviços,EPP,RJ,186,30396.97,16203.17,57,2,1,28954.65,0.4987,3,0,0,telefone,medio,91,23,0
PJ0700,2026-02-28,Serviços,Média,BA,36,339964.74,121391.37,68,3,4,233787.26,0.4778,6,0,0,portal,baixo,304,73,0
PJ0701,2026-06-30,Serviços,EPP,SP,121,139632.84,57269.26,7,3,1,167810.39,0.4794,3,0,2,,medio,186,900,1
PJ0702,2026-03-28,Comércio,Média,PR,170,255804.2,69043.92,20,1,1,93280.9,0.8384,8,0,0,whatsapp,baixo,390,992,1
PJ0703,2026-05-28,Serviços,Grande,RJ,89,1051821.87,238379.93,118,2,3,350900.39,0.8552,1,0,0,email,medio,17,156,0
PJ0704,2026-02-28,Tecnologia,Média,MG,156,537077.38,173331.14,29,2,2,232345.59,0.7357,5,0,1,portal,baixo,601,956,1
PJ0705,2026-06-30,Serviços,EPP,MG,87,80187.02,51684.45,92,5,4,126447.14,0.4354,6,0,0,whatsapp,medio,179,18,0
PJ0706,2026-06-30,Agronegócio,ME,SP,11,39160.71,7317.55,48,4,2,30869.52,0.406,3,0,0,whatsapp,baixo,303,900,1
PJ0707,2026-04-30,Agronegócio,EPP,SC,111,126152.02,50974.24,62,5,3,152504.27,0.3954,6,0,1,email,medio,492,884,1
PJ0708,2026-03-28,Indústria,ME,RJ,93,54720.81,33796.06,118,4,4,75377.57,0.5786,7,0,0,whatsapp,baixo,137,895,1
PJ0709,2026-04-30,Agronegócio,EPP,GO,41,56378.48,34346.6,13,4,2,68063.46,0.4275,5,1,1,portal,,658,821,1
PJ0710,2026-04-30,Comércio,ME,SP,20,102056.96,31144.59,28,2,1,81006.81,0.474,2,0,0,email,medio,231,802,1
PJ0711,2026-04-30,Serviços,EPP,RS,152,125956.82,80891.17,7,1,1,147843.07,0.5646,3,1,0,email,medio,725,933,1
PJ0712,2026-05-28,Tecnologia,EPP,PR,57,43233.24,23855.98,34,1,2,25607.63,0.8972,4,1,2,whatsapp,alto,688,338,0
PJ0713,2026-03-28,Serviços,Média,SP,120,64965.6,7950.75,43,1,1,41949.67,0.2238,1,0,0,telefone,alto,243,165,0
PJ0714,2026-04-30,Serviços,ME,SP,183,,19614.28,146,5,4,25946.18,0.8332,3,0,1,whatsapp,baixo,15,96,0
PJ0715,2026-01-28,Serviços,EPP,SP,199,104038.16,42954.48,17,1,1,89266.73,0.46,1,0,0,whatsapp,medio,396,894,1
PJ0716,2026-02-28,Comércio,EPP,BA,170,99410.21,48540.21,20,2,1,78183.54,0.7233,2,1,0,whatsapp,medio,858,782,1
PJ0717,2026-04-30,Construção,EPP,SP,80,97822.55,53832.24,38,3,2,99331.08,0.5697,5,1,2,whatsapp,medio,563,286,0
PJ0718,2026-01-28,Comércio,EPP,MG,218,46334.45,12821.11,9,1,1,39432.28,0.3929,4,1,0,telefone,,823,963,1
PJ0719,2026-02-28,Serviços,ME,GO,58,53617.67,19735.98,39,1,2,42215.95,0.3903,4,0,2,whatsapp,medio,705,37,0
PJ0720,2026-05-28,Comércio,ME,SP,139,,7394.54,31,1,2,12839.06,0.6534,7,0,0,email,medio,640,780,1
PJ0721,2026-02-28,Serviços,EPP,SP,135,481428.31,205943.34,50,3,2,525495.06,0.4776,0,0,0,whatsapp,,739,955,1
PJ0722,2026-01-28,Construção,EPP,MG,86,40547.53,20920.47,46,1,1,27846.04,0.8933,3,1,0,telefone,baixo,711,365,0
PJ0723,2026-03-28,Comércio,ME,PE,199,110453.91,63417.07,8,2,1,174245.88,0.3968,5,0,0,whatsapp,alto,607,886,1
PJ0724,2026-04-30,Construção,EPP,SP,78,106000.65,40039.98,54,2,1,66468.42,0.7749,5,1,0,whatsapp,,454,938,1
PJ0725,2026-01-28,Comércio,Média,RS,61,130588.82,91902.31,57,1,2,217846.48,0.3827,3,0,2,telefone,baixo,257,866,1
PJ0726,2026-06-30,Serviços,ME,RJ,206,29430.69,17020.53,18,1,2,27819.24,0.6369,4,1,0,whatsapp,,786,866,1
PJ0727,2026-04-30,Construção,ME,SP,152,22420.86,13441.57,67,1,4,34628.38,0.5284,6,0,1,whatsapp,medio,529,795,1
PJ0728,2026-05-28,Construção,Grande,MG,19,3754575.58,2100106.91,9,3,2,3618017.36,0.7473,0,0,1,telefone,baixo,426,416,0
PJ0729,2026-02-28,Construção,ME,MG,171,76998.9,9871.59,29,2,1,57529.23,0.1542,1,1,0,email,alto,521,807,1
PJ0730,2026-02-28,Comércio,Média,SP,18,671368.41,344797.9,48,2,3,870532.4,0.4968,4,0,0,whatsapp,alto,783,773,1
PJ0731,2026-01-28,Serviços,ME,SP,12,69074.73,24914.97,42,4,2,43835.25,0.5955,3,1,4,whatsapp,baixo,314,83,0
PJ0732,2026-03-28,Tecnologia,ME,SP,119,21235.37,12541.52,22,4,1,18016.25,0.7387,7,0,1,whatsapp,medio,753,761,1
PJ0733,2026-05-28,Construção,EPP,MG,180,52635.89,37080.03,11,1,1,69847.1,0.7024,1,0,0,telefone,baixo,848,790,1
PJ0734,2026-04-30,Indústria,Média,MG,238,,150934.15,41,5,3,370343.76,0.3844,2,0,0,whatsapp,medio,400,838,1
PJ0735,2026-04-30,Comércio,EPP,SP,143,117396.02,15788.85,59,1,1,67183.85,0.3075,2,0,1,telefone,medio,435,189,0
PJ0736,2026-03-28,Indústria,ME,MG,5,30565.71,16726.81,18,1,1,43115.16,0.5387,6,1,1,whatsapp,medio,927,779,1
PJ0737,2026-01-28,Agronegócio,EPP,SP,144,155587.3,105031.72,23,2,1,281279.53,0.4081,1,0,0,whatsapp,,845,764,1
PJ0738,2026-04-30,Serviços,Média,SP,100,268464.33,27554.07,33,1,2,87808.59,0.2944,5,0,0,whatsapp,baixo,717,857,1
PJ0739,2026-04-30,Indústria,EPP,PR,172,105258.6,62379.38,53,3,3,180280.93,0.2947,5,0,1,whatsapp,alto,120,369,0
PJ0740,2026-06-30,Serviços,EPP,RJ,119,17608.52,13055.19,173,4,7,26738.1,0.4679,6,0,2,telefone,medio,12,382,0
PJ0741,2026-04-30,Serviços,Média,MG,224,375220.13,224359.3,62,1,3,322602.77,0.8242,8,0,3,email,medio,39,82,0
PJ0742,2026-03-28,Comércio,ME,MG,136,,4513.48,44,1,1,9814.24,0.4589,8,1,1,email,alto,434,241,0
PJ0743,2026-01-28,Serviços,EPP,GO,42,48384.13,20328.71,22,3,1,55656.69,0.4355,0,0,0,portal,baixo,855,946,1
PJ0744,2026-02-28,Construção,EPP,PR,208,44149.46,27079.85,47,2,1,74672.78,0.4375,5,0,0,portal,baixo,818,77,0
PJ0745,2026-06-30,Serviços,EPP,RJ,171,32615.21,18846.89,28,2,1,59505.31,0.4398,5,0,2,email,medio,111,890,1
PJ0746,2026-04-30,Indústria,Grande,SP,70,1689080.17,272257.07,43,4,1,1246074.71,0.3925,6,1,1,whatsapp,medio,553,921,1
PJ0747,2026-04-30,Serviços,Média,SC,180,127083.72,35475.51,39,4,2,82904.33,0.5239,6,0,0,telefone,alto,467,779,1
PJ0748,2026-02-28,Construção,EPP,MG,14,86883.54,31063.07,75,5,3,94763.35,0.2995,4,0,1,email,baixo,71,361,0
PJ0749,2026-04-30,Tecnologia,EPP,GO,36,101238.69,59923.64,10,3,2,155201.9,0.3129,0,0,1,telefone,baixo,714,108,0
PJ0750,2026-05-28,Tecnologia,Média,SC,164,183658.34,127167.32,32,6,2,236445.96,0.6257,1,0,1,telefone,alto,405,125,0
PJ0751,2026-05-28,Serviços,ME,PR,129,65787.64,7536.15,48,1,3,18789.02,0.3537,2,1,0,portal,medio,717,303,0
PJ0752,2026-05-28,Construção,EPP,MG,68,26516.17,18697.63,40,1,3,37727.0,0.6648,5,0,1,whatsapp,baixo,388,975,1
PJ0753,2026-06-30,Indústria,EPP,SP,168,50144.26,7604.99,35,1,2,23050.56,0.4706,3,1,1,whatsapp,medio,579,792,1
PJ0754,2026-02-28,Construção,EPP,RJ,25,104875.76,16625.08,84,2,4,53006.19,0.3536,6,1,0,portal,alto,97,984,1
PJ0755,2026-03-28,Construção,ME,GO,176,24536.18,4045.39,17,2,1,20735.73,0.1232,2,0,0,whatsapp,medio,691,966,1
PJ0756,2026-01-28,Construção,ME,SP,16,11590.15,6487.99,16,4,1,14050.43,0.4774,6,1,0,telefone,medio,937,184,0
PJ0757,2026-06-30,Serviços,Média,MG,17,339569.63,208593.53,40,2,2,641252.05,0.4967,2,1,2,telefone,medio,641,20,0
PJ0758,2026-04-30,Serviços,Média,RJ,127,162857.49,105053.71,62,2,4,321590.97,0.345,0,0,0,portal,alto,417,893,1
PJ0759,2026-01-28,Comércio,ME,RJ,162,39625.92,6866.05,101,6,4,29695.8,0.1615,0,0,0,telefone,medio,51,422,0
PJ0760,2026-04-30,Construção,Média,SC,200,253282.38,76048.63,36,2,3,204924.68,0.4227,4,0,1,whatsapp,baixo,849,929,1
PJ0761,2026-03-28,Comércio,ME,PR,140,42462.44,3766.44,38,3,3,22066.62,0.2775,4,0,0,telefone,medio,404,385,0
PJ0762,2026-01-28,Agronegócio,ME,RJ,220,12371.43,6015.17,69,2,4,13837.48,0.6008,8,1,0,email,medio,506,921,1
PJ0763,2026-05-28,Construção,EPP,SC,180,35457.72,7350.37,17,1,2,29457.13,0.3878,6,0,2,telefone,medio,652,376,0
PJ0764,2026-02-28,Comércio,ME,RJ,191,,2566.88,48,6,3,6463.23,0.511,5,1,2,whatsapp,alto,606,885,1
PJ0765,2026-04-30,Comércio,Grande,SP,25,952131.88,91705.11,50,2,2,487996.68,0.1212,8,1,1,email,baixo,387,970,1
PJ0766,2026-06-30,Serviços,EPP,SP,227,77874.73,19264.74,55,1,3,38557.84,0.4827,3,0,0,email,alto,264,778,1
PJ0767,2026-02-28,Comércio,Média,SP,96,503171.23,289167.66,40,3,2,596918.76,0.584,6,1,2,portal,baixo,658,359,0
PJ0768,2026-04-30,Comércio,EPP,RS,129,180452.64,55134.33,43,4,1,129289.21,0.5206,6,0,1,telefone,medio,585,888,1
PJ0769,2026-06-30,Indústria,EPP,SP,61,201189.59,116479.28,30,4,2,349452.34,0.375,7,1,0,whatsapp,alto,684,936,1
PJ0770,2026-03-28,Indústria,ME,PE,208,23946.48,9155.08,2,3,1,13364.55,0.6123,8,1,1,portal,baixo,860,847,1
PJ0771,2026-03-28,Construção,EPP,SP,147,,43264.9,20,2,1,115134.42,0.5038,2,1,0,whatsapp,medio,642,822,1
PJ0772,2026-03-28,Tecnologia,Média,RJ,73,,172702.13,6,4,1,457665.56,0.5208,2,1,1,telefone,baixo,931,944,1
PJ0773,2026-06-30,Serviços,ME,RJ,56,21474.9,15156.44,79,2,3,23845.36,0.6386,5,1,0,whatsapp,baixo,590,236,0
PJ0774,2026-05-28,Comércio,ME,PR,50,29557.89,17852.84,8,2,1,30526.31,0.5484,6,1,2,portal,baixo,835,880,1
PJ0775,2026-05-28,Comércio,ME,PE,22,32856.75,13892.46,47,6,2,21937.72,0.7748,5,0,0,telefone,medio,698,792,1
PJ0776,2026-01-28,Serviços,Média,BA,208,270865.66,114557.5,8,1,1,230725.87,0.6411,0,0,0,email,medio,499,382,0
PJ0777,2026-02-28,Comércio,Média,MG,66,61146.21,17681.93,167,4,7,47796.39,0.372,1,1,1,email,baixo,92,278,0
PJ0778,2026-05-28,Agronegócio,ME,SP,89,18653.04,4855.36,29,1,1,15252.17,0.3641,2,1,0,whatsapp,baixo,974,900,1
PJ0779,2026-05-28,Indústria,Grande,SP,202,1056284.4,297304.4,87,3,2,622003.68,0.4347,5,0,0,,baixo,273,409,0
PJ0780,2026-01-28,Tecnologia,ME,SC,210,36595.15,18805.5,6,1,1,32804.47,0.7069,7,1,3,telefone,alto,345,430,0
PJ0781,2026-04-30,Comércio,Grande,RS,42,985889.3,99738.28,64,3,4,630492.65,0.3166,5,1,0,whatsapp,medio,525,941,1
PJ0782,2026-01-28,Serviços,EPP,SP,92,73284.35,51978.51,43,1,2,117188.97,0.5817,2,0,0,telefone,baixo,717,141,0
PJ0783,2026-03-28,Serviços,ME,RJ,32,140620.96,78127.73,134,1,5,100013.44,0.7016,4,0,0,whatsapp,,44,279,0
PJ0784,2026-06-30,Construção,ME,SP,59,57151.07,12673.02,99,2,5,46400.53,0.3068,7,0,1,whatsapp,medio,123,277,0
PJ0785,2026-06-30,Agronegócio,EPP,RJ,197,62486.3,24642.44,44,4,2,74784.58,0.288,5,0,0,whatsapp,baixo,649,797,1
PJ0786,2026-05-28,Indústria,EPP,SP,184,86949.71,61788.33,31,5,2,70521.95,0.9533,1,0,0,telefone,baixo,441,797,1
PJ0787,2026-06-30,Tecnologia,Média,SP,22,216966.92,143486.91,33,2,3,309254.22,0.6102,1,0,0,email,medio,879,339,0
PJ0788,2026-05-28,Serviços,EPP,RJ,139,110182.18,25862.15,180,1,7,57860.76,0.4555,5,0,0,portal,medio,11,371,0
PJ0789,2026-04-30,Comércio,ME,MG,22,29229.84,21817.12,10,1,1,52364.59,0.3725,8,1,2,email,medio,232,87,0
PJ0790,2026-05-28,Comércio,Média,SP,227,77107.34,15840.66,100,1,3,47207.02,0.4481,3,0,3,telefone,baixo,120,291,0
PJ0791,2026-05-28,Comércio,EPP,RS,47,182889.87,129391.98,72,6,3,314480.3,0.4812,4,0,0,email,medio,118,395,0
PJ0792,2026-02-28,Indústria,Média,MG,8,756159.53,200283.39,10,2,2,612657.99,0.3943,1,0,0,telefone,medio,477,880,1
PJ0793,2026-04-30,Comércio,Média,SP,107,306420.34,166489.77,60,2,3,343766.5,0.407,3,0,0,portal,alto,298,134,0
PJ0794,2026-06-30,Comércio,EPP,SP,84,138218.25,86873.12,34,1,3,201736.22,0.5068,5,0,0,portal,baixo,653,838,1
PJ0795,2026-03-28,Indústria,Média,GO,121,485947.62,67463.57,45,2,2,246040.66,0.23,8,0,2,portal,medio,340,209,0
PJ0796,2026-05-28,Serviços,EPP,SP,217,78118.72,33704.58,46,1,1,107034.53,0.4529,0,0,0,whatsapp,medio,327,119,0
PJ0797,2026-04-30,Construção,Média,SP,162,414433.2,127032.48,20,1,2,364410.85,0.4452,8,0,0,email,medio,862,823,1
PJ0798,2026-03-28,Comércio,Média,MG,225,580018.15,317393.9,82,2,3,781307.95,0.5444,1,0,0,portal,alto,147,196,0
PJ0799,2026-05-28,Serviços,Média,RJ,54,,263630.27,96,1,4,386606.12,0.7946,7,1,1,whatsapp,baixo,546,99,0
PJ0800,2026-02-28,Serviços,EPP,SC,161,211600.49,107007.44,64,1,4,192399.86,0.6557,5,0,3,email,alto,35,116,0
